ID,Age,City,Economic Status,Profession,Most Used Pokemon Type,Average Pokemon Level,Criminal Record,PokéBall Usage,Win Ratio,Number of Gym Badges,Is Pokemon Champion,Battle Strategy,Number of Migrations,Rare Item Holder,Debt to Kanto,Charity Participation,Team Rocket
4000,29,Pallet Town,0.0,Scientist,Fighting,70,0,UltraBall,63,3,0,Aggressive,10,0,61828,1,
4001,64,Cerulean City,1.0,Researcher,Electric,83,0,UltraBall,84,4,0,Unpredictable,6,0,43359,1,
4002,36,Viridian City,1.0,Researcher,Fire,90,0,TimerBall,42,4,0,Aggressive,23,0,51054,1,
4003,22,Viridian City,0.0,Underground Battler,Ice,66,1,DuskBall,43,3,0,Unpredictable,27,1,153681,0,
4004,44,Lavender Town,1.0,PokéMart Seller,Poison,69,0,LuxuryBall,20,2,0,Defensive,14,0,38953,1,
4005,28,Saffron City,1.0,Rocket Grunt,Flying,55,1,HealBall,65,3,0,Defensive,23,1,193578,0,
4006,44,Pallet Town,0.0,Nurse,Grass,90,0,TimerBall,81,3,0,Defensive,12,0,99839,1,
4007,45,Fuchsia City,0.0,Nurse,Dragon,33,0,GreatBall,22,3,0,Aggressive,22,0,52780,1,
4008,67,Cinnabar Island,0.0,Police Officer,Fairy,26,0,GreatBall,80,2,0,Defensive,13,0,70139,1,
4009,65,Lavender Town,1.0,Black Market Dealer,Dark,60,0,DuskBall,55,1,0,Unpredictable,10,0,30531,1,
4010,57,Cinnabar Island,0.0,Underground Battler,Steel,8,0,HealBall,42,5,0,Defensive,10,0,62090,1,
4011,68,Fuchsia City,1.0,Black Market Dealer,Bug,60,0,TimerBall,61,5,0,Aggressive,9,0,78141,1,
4012,21,Pallet Town,1.0,Scientist,Ground,47,0,LuxuryBall,24,3,0,Aggressive,13,0,79565,1,
4013,23,Cerulean City,0.0,Champion,Ice,63,1,DuskBall,70,3,0,Defensive,29,1,392418,0,
4014,56,Lavender Town,0.0,Gym Leader Assistant,Ground,61,0,TimerBall,30,0,0,Unpredictable,17,0,4870,1,
4015,43,Cerulean City,1.0,Biker,Psychic,84,0,DarkBall,53,3,0,Unpredictable,18,0,84491,1,
4016,22,Lavender Town,0.0,Police Officer,Grass,26,0,HealBall,35,1,0,Aggressive,17,0,15431,1,
4017,68,Vermilion City,0.0,Black Market Dealer,Ice,28,0,DarkBall,82,1,0,Unpredictable,6,0,48058,1,
4018,19,Celadon City,0.0,Biker,Ghost,53,0,HealBall,46,0,0,Unpredictable,18,0,48089,1,
4019,39,Pewter City,1.0,Rocket Grunt,Normal,85,0,NetBall,61,4,0,Defensive,25,0,36546,1,
4020,63,Pallet Town,1.0,Breeder,Ghost,94,1,NetBall,37,0,0,Unpredictable,28,0,107730,0,
4021,62,Fuchsia City,0.0,Gym Leader Assistant,Poison,59,1,HealBall,82,1,0,Aggressive,5,0,91340,0,
4022,63,Fuchsia City,2.0,Underground Battler,Fairy,40,0,DarkBall,56,2,0,Defensive,1,0,62650,1,
4023,23,Pewter City,1.0,PokéMart Seller,Ghost,82,0,NetBall,44,0,0,Defensive,7,0,20397,1,
4024,58,Vermilion City,1.0,PokéMart Seller,Flying,48,0,UltraBall,80,4,0,Defensive,13,0,80915,1,
4025,21,Pallet Town,0.0,Casino Worker,Normal,26,0,TimerBall,23,4,0,Unpredictable,9,0,15140,1,
4026,66,Viridian City,1.0,Daycare Worker,Rock,66,0,TimerBall,24,1,0,Defensive,9,0,3328,1,
4027,54,Cerulean City,1.0,Daycare Worker,Electric,19,0,MasterBall,35,1,0,Defensive,6,0,66603,1,
4028,25,Pewter City,0.0,Gym Leader Assistant,Water,55,0,PokéBall,75,5,0,Defensive,6,0,59492,1,
4029,44,Celadon City,1.0,Breeder,Grass,56,0,MasterBall,73,0,0,Aggressive,8,0,15234,1,
4030,56,Vermilion City,1.0,Fisherman,Ground,87,0,DuskBall,78,2,0,Aggressive,22,0,1825,1,
4031,28,Viridian City,1.0,Scientist,Ghost,43,0,PokéBall,39,4,0,Aggressive,13,0,142169,0,
4032,47,Vermilion City,0.0,Black Market Dealer,Rock,30,0,DuskBall,44,4,0,Aggressive,6,0,54415,1,
4033,12,Saffron City,1.0,Casino Worker,Rock,83,0,HealBall,25,4,0,Unpredictable,25,0,1166,1,
4034,52,Fuchsia City,2.0,Researcher,Fairy,71,0,GreatBall,62,2,0,Unpredictable,10,0,48000,1,
4035,60,Saffron City,0.0,Researcher,Water,78,0,TimerBall,71,1,0,Unpredictable,15,0,50542,1,
4036,40,Cerulean City,0.0,Daycare Worker,Steel,85,0,PokéBall,57,2,0,Defensive,0,0,77581,1,
4037,70,Pewter City,0.0,Champion,Bug,8,0,NetBall,20,0,0,Defensive,21,0,19497,1,
4038,49,Saffron City,1.0,Nurse,Dragon,18,0,TimerBall,26,0,0,Aggressive,0,0,18693,1,
4039,30,Cerulean City,0.0,Casino Worker,Ground,92,0,LuxuryBall,79,4,0,Aggressive,12,0,68522,1,
4040,66,Pewter City,0.0,Breeder,Ice,33,0,LuxuryBall,41,4,0,Unpredictable,0,0,27805,1,
4041,46,Viridian City,1.0,Nurse,Steel,38,0,UltraBall,30,6,0,Aggressive,12,0,31772,1,
4042,70,Viridian City,1.0,Breeder,Electric,71,0,TimerBall,33,0,0,Unpredictable,15,0,61112,1,
4043,22,Viridian City,1.0,Rocket Grunt,Poison,37,0,TimerBall,49,4,0,Aggressive,8,0,261,1,
4044,43,Cinnabar Island,1.0,PokéMart Seller,Psychic,85,0,LuxuryBall,59,2,0,Aggressive,24,0,98095,1,
4045,28,Fuchsia City,2.0,Casino Worker,Rock,98,0,TimerBall,85,5,0,Aggressive,10,0,45245,1,
4046,10,Pallet Town,0.0,Casino Worker,Flying,22,0,NetBall,20,0,0,Defensive,10,0,50881,1,
4047,24,Cerulean City,1.0,Casino Worker,Bug,68,0,PokéBall,48,1,0,Unpredictable,8,0,46769,1,
4048,15,Pallet Town,0.0,Biker,Poison,96,0,MasterBall,27,2,0,Defensive,9,0,16952,1,
4049,59,Pallet Town,0.0,Scientist,Dark,65,0,MasterBall,29,4,0,Aggressive,6,0,88912,1,
4050,50,Pewter City,1.0,Casino Worker,Poison,23,0,NetBall,25,1,0,Unpredictable,15,0,91935,1,
4051,34,Fuchsia City,1.0,Champion,Psychic,65,0,LuxuryBall,24,6,0,Unpredictable,17,0,43649,1,
4052,26,Saffron City,1.0,Underground Battler,Fire,34,0,HealBall,62,6,0,Unpredictable,17,0,73896,1,
4053,53,Vermilion City,0.0,Underground Battler,Water,43,0,NetBall,80,0,0,Unpredictable,20,0,37719,1,
4054,20,Saffron City,1.0,Biker,Water,83,0,PokéBall,22,1,0,Defensive,21,0,5854,1,
4055,50,Celadon City,1.0,Gym Leader Assistant,Rock,67,0,MasterBall,61,0,0,Defensive,2,0,7676,1,
4056,12,Viridian City,1.0,Police Officer,Poison,78,0,TimerBall,29,0,0,Defensive,24,0,46118,1,
4057,29,Vermilion City,1.0,Researcher,Dark,75,1,DarkBall,53,0,1,Aggressive,6,0,167251,0,
4058,54,Vermilion City,0.0,Rocket Grunt,Electric,47,0,DuskBall,22,2,0,Defensive,17,0,76049,1,
4059,50,Celadon City,1.0,Elite Trainer,Electric,36,0,TimerBall,22,5,0,Unpredictable,22,0,32242,1,
4060,41,Cerulean City,2.0,Black Market Dealer,Fairy,9,0,UltraBall,26,5,0,Unpredictable,3,0,8399,1,
4061,38,Vermilion City,1.0,Nurse,Fighting,99,0,UltraBall,59,3,0,Unpredictable,10,0,10155,1,
4062,31,Viridian City,1.0,Fisherman,Ground,62,0,LuxuryBall,66,6,0,Defensive,11,0,99936,1,
4063,43,Viridian City,1.0,Casino Worker,Rock,64,0,TimerBall,26,0,0,Aggressive,14,0,20318,1,
4064,47,Fuchsia City,0.0,Black Market Dealer,Bug,85,1,TimerBall,60,3,0,Aggressive,13,0,328944,0,
4065,55,Pewter City,0.0,Champion,Flying,31,0,PokéBall,76,0,0,Aggressive,12,0,18320,1,
4066,50,Viridian City,1.0,Daycare Worker,Poison,9,0,NetBall,76,1,0,Aggressive,20,0,14808,1,
4067,41,Pallet Town,2.0,PokéMart Seller,Electric,59,1,HealBall,77,2,0,Unpredictable,26,1,235244,0,
4068,37,Saffron City,1.0,PokéMart Seller,Dragon,77,0,HealBall,43,0,0,Aggressive,0,0,30559,1,
4069,19,Celadon City,1.0,Rocket Grunt,Ground,93,0,MasterBall,42,3,0,Aggressive,22,0,66064,1,
4070,32,Cerulean City,1.0,Casino Worker,Fire,50,0,UltraBall,64,1,0,Aggressive,25,0,5009,1,
4071,65,Saffron City,1.0,Breeder,Ice,90,0,MasterBall,84,0,0,Aggressive,4,0,28629,1,
4072,10,Cinnabar Island,1.0,Fisherman,Ghost,17,0,GreatBall,41,6,0,Unpredictable,6,0,72428,1,
4073,21,Cerulean City,1.0,Scientist,Fighting,22,0,LuxuryBall,58,0,0,Aggressive,24,0,62261,1,
4074,15,Cerulean City,2.0,Gym Leader Assistant,Fairy,13,0,DuskBall,28,0,0,Unpredictable,13,0,76419,1,
4075,69,Cerulean City,0.0,Elite Trainer,Normal,39,0,LuxuryBall,38,2,0,Unpredictable,21,0,63433,1,
4076,37,Vermilion City,2.0,PokéMart Seller,Ground,31,0,MasterBall,64,0,0,Aggressive,22,0,36453,1,
4077,34,Fuchsia City,2.0,Breeder,Ice,98,0,GreatBall,68,3,0,Aggressive,9,0,66477,1,
4078,19,Fuchsia City,1.0,Biker,Ice,5,0,DuskBall,49,2,0,Unpredictable,5,0,53104,1,
4079,22,Cerulean City,1.0,Biker,Ground,94,0,GreatBall,35,6,0,Defensive,15,0,98002,1,
4080,23,Pewter City,1.0,Fisherman,Ghost,54,0,PokéBall,32,3,0,Aggressive,3,0,88129,1,
4081,23,Celadon City,2.0,Police Officer,Fire,44,0,LuxuryBall,33,3,0,Defensive,22,0,54268,1,
4082,26,Vermilion City,0.0,Rocket Grunt,Flying,43,0,HealBall,27,1,0,Aggressive,18,0,38207,1,
4083,58,Celadon City,0.0,Elite Trainer,Psychic,14,0,TimerBall,66,1,0,Unpredictable,15,0,99072,1,
4084,54,Pewter City,0.0,Champion,Bug,20,0,NetBall,58,1,0,Unpredictable,7,0,73898,1,
4085,10,Saffron City,0.0,Breeder,Grass,76,0,GreatBall,65,3,0,Aggressive,14,0,44261,1,
4086,52,Cerulean City,1.0,Nurse,Psychic,33,0,TimerBall,26,0,0,Defensive,18,0,28439,1,
4087,12,Vermilion City,0.0,Biker,Fighting,51,0,LuxuryBall,55,5,0,Aggressive,17,0,96650,1,
4088,40,Pallet Town,1.0,Daycare Worker,Poison,95,0,GreatBall,59,3,0,Unpredictable,5,0,58256,1,
4089,25,Cerulean City,1.0,Casino Worker,Bug,49,0,LuxuryBall,75,3,0,Unpredictable,22,0,55508,0,
4090,33,Pallet Town,2.0,Black Market Dealer,Grass,74,0,TimerBall,32,2,0,Unpredictable,17,0,21870,1,
4091,68,Viridian City,0.0,Elite Trainer,Grass,36,0,GreatBall,73,0,0,Unpredictable,2,0,84076,1,
4092,19,Fuchsia City,1.0,Biker,Grass,45,0,LuxuryBall,75,2,0,Defensive,6,0,27052,1,
4093,47,Saffron City,1.0,Researcher,Flying,5,0,HealBall,42,3,0,Unpredictable,16,0,44836,1,
4094,46,Lavender Town,2.0,Black Market Dealer,Bug,41,0,HealBall,63,0,0,Unpredictable,20,0,95923,1,
4095,29,Viridian City,1.0,Underground Battler,Flying,74,0,UltraBall,24,3,0,Unpredictable,3,0,20000,1,
4096,33,Viridian City,0.0,Nurse,Bug,20,0,TimerBall,22,1,0,Defensive,2,0,65158,1,
4097,28,Vermilion City,0.0,Police Officer,Fairy,6,0,UltraBall,70,2,0,Unpredictable,7,0,57672,1,
4098,11,Cerulean City,1.0,Underground Battler,Flying,58,0,TimerBall,53,6,0,Aggressive,25,0,91370,1,
4099,49,Vermilion City,0.0,Champion,Fighting,34,0,PokéBall,78,0,0,Aggressive,13,0,69465,1,
4100,52,Celadon City,1.0,Biker,Flying,23,0,GreatBall,39,2,0,Defensive,24,0,7473,1,
4101,33,Lavender Town,1.0,PokéMart Seller,Normal,27,0,PokéBall,83,0,0,Defensive,25,1,311712,0,
4102,22,Pallet Town,0.0,Scientist,Flying,35,0,MasterBall,67,2,0,Defensive,8,0,29037,1,
4103,28,Cerulean City,1.0,Police Officer,Normal,15,0,MasterBall,78,2,0,Aggressive,24,0,27958,1,
4104,60,Viridian City,1.0,PokéMart Seller,Normal,71,0,MasterBall,72,5,0,Aggressive,12,0,99944,1,
4105,17,Vermilion City,2.0,Casino Worker,Fire,39,0,PokéBall,41,0,0,Unpredictable,22,0,99441,1,
4106,20,Vermilion City,1.0,Police Officer,Dark,8,0,NetBall,77,0,0,Unpredictable,13,0,54872,1,
4107,34,Pewter City,0.0,Police Officer,Rock,58,0,MasterBall,78,0,0,Defensive,14,0,37810,1,
4108,36,Vermilion City,1.0,Fisherman,Flying,14,0,TimerBall,26,2,0,Aggressive,25,0,8817,1,
4109,56,Lavender Town,1.0,Black Market Dealer,Rock,92,0,PokéBall,31,1,0,Unpredictable,7,0,34616,1,
4110,15,Vermilion City,1.0,Fisherman,Psychic,94,0,MasterBall,37,3,0,Unpredictable,6,0,95585,1,
4111,13,Cinnabar Island,0.0,Black Market Dealer,Poison,86,0,PokéBall,80,1,0,Aggressive,12,0,78519,1,
4112,33,Vermilion City,2.0,Breeder,Fire,77,1,DuskBall,34,8,0,Defensive,29,0,356378,1,
4113,63,Celadon City,1.0,Daycare Worker,Electric,93,0,HealBall,29,1,0,Unpredictable,20,0,57240,1,
4114,34,Saffron City,1.0,Biker,Flying,47,0,GreatBall,24,3,0,Defensive,16,0,19452,1,
4115,51,Cinnabar Island,0.0,Biker,Fighting,98,0,GreatBall,30,3,0,Defensive,0,0,9433,1,
4116,52,Lavender Town,2.0,Gym Leader Assistant,Grass,67,0,HealBall,67,2,0,Defensive,22,0,50128,1,
4117,20,Viridian City,2.0,Nurse,Electric,83,0,DuskBall,51,0,0,Unpredictable,11,0,40771,1,
4118,30,Vermilion City,2.0,Fisherman,Rock,9,0,PokéBall,79,0,0,Aggressive,19,0,59721,1,
4119,39,Celadon City,1.0,Black Market Dealer,Steel,92,0,MasterBall,77,1,0,Aggressive,17,0,83058,1,
4120,44,Cerulean City,0.0,Scientist,Grass,45,0,DuskBall,45,0,0,Unpredictable,15,0,43830,1,
4121,69,Fuchsia City,2.0,Police Officer,Fire,41,0,PokéBall,44,2,0,Unpredictable,19,0,20875,1,
4122,26,Vermilion City,2.0,Black Market Dealer,Steel,46,0,DuskBall,84,4,0,Aggressive,25,0,29384,1,
4123,20,Vermilion City,0.0,Rocket Grunt,Poison,43,0,DarkBall,47,6,0,Defensive,10,0,38475,1,
4124,56,Cinnabar Island,2.0,Elite Trainer,Grass,97,0,GreatBall,46,5,0,Aggressive,19,0,73405,1,
4125,68,Cinnabar Island,0.0,Biker,Electric,45,0,UltraBall,38,3,0,Unpredictable,19,0,15543,1,
4126,33,Saffron City,0.0,Casino Worker,Normal,97,0,UltraBall,54,5,0,Unpredictable,14,0,17244,1,
4127,54,Fuchsia City,0.0,Researcher,Electric,75,0,PokéBall,59,1,0,Unpredictable,14,0,21696,1,
4128,55,Celadon City,1.0,PokéMart Seller,Ghost,35,0,PokéBall,43,4,0,Defensive,23,0,74170,1,
4129,13,Saffron City,0.0,Nurse,Steel,52,0,UltraBall,38,3,0,Aggressive,4,0,88097,1,
4130,39,Viridian City,1.0,Elite Trainer,Ghost,41,0,DuskBall,36,3,0,Defensive,21,0,80475,1,
4131,62,Cerulean City,1.0,Nurse,Psychic,74,0,PokéBall,60,2,0,Aggressive,21,0,66135,1,
4132,36,Lavender Town,0.0,Nurse,Ghost,80,0,PokéBall,84,2,0,Unpredictable,18,0,31954,1,
4133,24,Saffron City,1.0,Fisherman,Fairy,38,0,DuskBall,57,1,0,Aggressive,8,0,36103,1,
4134,33,Lavender Town,0.0,Biker,Fire,72,0,GreatBall,38,4,0,Unpredictable,5,0,20346,1,
4135,43,Pallet Town,0.0,Casino Worker,Normal,10,0,GreatBall,79,5,0,Defensive,23,0,2724,1,
4136,34,Cerulean City,1.0,Elite Trainer,Dragon,19,0,NetBall,73,0,0,Unpredictable,18,0,32962,1,
4137,70,Pewter City,1.0,Underground Battler,Fire,96,0,HealBall,56,2,0,Defensive,7,0,16085,1,
4138,18,Cerulean City,0.0,Breeder,Psychic,30,0,DarkBall,54,4,0,Defensive,4,0,78354,1,
4139,66,Celadon City,1.0,Underground Battler,Normal,28,0,LuxuryBall,70,0,0,Defensive,30,1,288525,0,
4140,46,Lavender Town,2.0,Breeder,Ground,22,0,PokéBall,80,3,0,Defensive,4,0,94836,1,
4141,18,Cerulean City,1.0,Underground Battler,Psychic,76,0,NetBall,85,2,0,Aggressive,0,0,35930,1,
4142,10,Viridian City,1.0,Casino Worker,Electric,84,0,DarkBall,67,0,0,Defensive,19,0,49739,1,
4143,39,Vermilion City,1.0,PokéMart Seller,Psychic,15,0,UltraBall,32,0,0,Defensive,9,0,14981,1,
4144,52,Lavender Town,1.0,Fisherman,Dark,90,0,HealBall,64,1,0,Unpredictable,4,0,33540,1,
4145,17,Pallet Town,2.0,Gym Leader Assistant,Fire,27,0,MasterBall,68,3,0,Defensive,25,0,19900,1,
4146,30,Pallet Town,0.0,Casino Worker,Fire,60,0,MasterBall,72,0,0,Unpredictable,15,0,96153,1,
4147,22,Cinnabar Island,1.0,Elite Trainer,Ice,24,0,TimerBall,42,2,0,Aggressive,7,0,97423,1,
4148,32,Cinnabar Island,1.0,Rocket Grunt,Ground,60,0,HealBall,65,0,0,Unpredictable,24,0,38759,1,
4149,59,Fuchsia City,0.0,Black Market Dealer,Ground,70,0,MasterBall,47,0,0,Defensive,20,0,92272,1,
4150,54,Pallet Town,0.0,Daycare Worker,Poison,25,0,DuskBall,44,1,0,Defensive,2,0,33831,1,
4151,25,Vermilion City,0.0,Rocket Grunt,Poison,19,0,PokéBall,56,3,0,Aggressive,7,0,53899,1,
4152,55,Cerulean City,0.0,Underground Battler,Electric,83,0,UltraBall,58,0,0,Defensive,1,0,17411,1,
4153,15,Pewter City,0.0,Researcher,Rock,83,0,MasterBall,29,3,0,Unpredictable,5,0,43949,1,
4154,36,Celadon City,2.0,Police Officer,Grass,17,0,TimerBall,72,3,0,Aggressive,5,0,51195,1,
4155,53,Cinnabar Island,1.0,Daycare Worker,Fire,94,0,DuskBall,33,7,0,Unpredictable,20,0,48943,1,
4156,46,Viridian City,0.0,Gym Leader Assistant,Ice,95,0,NetBall,30,0,0,Unpredictable,25,0,59448,1,
4157,68,Cinnabar Island,0.0,Elite Trainer,Ground,43,0,DuskBall,56,1,0,Aggressive,10,0,80673,1,
4158,37,Vermilion City,1.0,Biker,Water,18,0,MasterBall,59,1,0,Aggressive,8,0,98733,1,
4159,56,Celadon City,0.0,Police Officer,Electric,16,0,NetBall,45,1,0,Defensive,7,0,82619,1,
4160,51,Saffron City,1.0,Daycare Worker,Electric,67,0,TimerBall,20,0,0,Defensive,5,0,35643,1,
4161,10,Pewter City,0.0,Fisherman,Normal,89,0,TimerBall,34,4,0,Aggressive,14,0,32281,1,
4162,67,Fuchsia City,1.0,Fisherman,Water,70,0,PokéBall,36,4,0,Aggressive,1,0,79365,1,
4163,28,Cerulean City,2.0,Elite Trainer,Fire,18,0,NetBall,43,0,0,Defensive,2,0,21741,1,
4164,11,Saffron City,0.0,Breeder,Dark,30,0,GreatBall,35,2,0,Aggressive,12,0,25763,1,
4165,23,Vermilion City,2.0,Biker,Steel,52,0,DuskBall,27,5,0,Aggressive,16,0,31524,1,
4166,61,Lavender Town,1.0,Rocket Grunt,Dragon,35,0,GreatBall,23,5,0,Unpredictable,9,0,94428,1,
4167,43,Saffron City,1.0,Underground Battler,Ground,69,0,DuskBall,60,6,0,Aggressive,1,0,76082,1,
4168,42,Celadon City,0.0,Elite Trainer,Fighting,53,0,NetBall,40,0,0,Aggressive,24,0,30042,1,
4169,49,Lavender Town,1.0,Elite Trainer,Water,22,0,DarkBall,34,0,0,Defensive,1,0,50629,1,
4170,20,Lavender Town,1.0,Researcher,Dark,24,0,HealBall,56,2,0,Unpredictable,0,0,87561,1,
4171,36,Vermilion City,0.0,Police Officer,Dark,63,0,DuskBall,59,2,0,Aggressive,3,0,22257,1,
4172,47,Cinnabar Island,0.0,Biker,Bug,65,0,UltraBall,48,3,0,Aggressive,6,0,76773,1,
4173,32,Lavender Town,0.0,Police Officer,Normal,89,0,MasterBall,79,1,0,Unpredictable,0,0,63976,1,
4174,18,Pallet Town,1.0,Champion,Ghost,89,0,TimerBall,27,3,0,Aggressive,4,0,19605,1,
4175,28,Vermilion City,0.0,Underground Battler,Poison,17,1,GreatBall,61,4,0,Defensive,22,1,330662,1,
4176,22,Cerulean City,1.0,Police Officer,Poison,90,0,DuskBall,29,4,0,Unpredictable,2,0,36000,1,
4177,48,Saffron City,1.0,PokéMart Seller,Dragon,61,0,DarkBall,76,0,0,Unpredictable,14,0,7895,1,
4178,38,Pewter City,1.0,Rocket Grunt,Bug,26,0,MasterBall,61,6,0,Unpredictable,6,0,39465,1,
4179,61,Lavender Town,0.0,Elite Trainer,Psychic,62,0,DarkBall,58,3,0,Unpredictable,20,0,13613,0,
4180,51,Viridian City,1.0,Researcher,Rock,42,1,MasterBall,49,0,1,Unpredictable,22,1,190768,0,
4181,39,Cinnabar Island,0.0,Researcher,Grass,93,0,HealBall,44,0,0,Unpredictable,17,0,84007,1,
4182,44,Lavender Town,2.0,Rocket Grunt,Steel,22,0,GreatBall,46,3,0,Unpredictable,14,0,99877,1,
4183,53,Lavender Town,1.0,Black Market Dealer,Ground,45,0,GreatBall,67,4,0,Aggressive,25,0,93077,1,
4184,54,Lavender Town,2.0,Nurse,Dark,57,0,PokéBall,25,2,0,Aggressive,11,0,85603,1,
4185,38,Pewter City,1.0,PokéMart Seller,Normal,40,0,TimerBall,77,3,0,Defensive,18,0,24063,1,
4186,68,Cerulean City,1.0,Rocket Grunt,Normal,87,0,NetBall,38,2,0,Defensive,2,0,59378,1,
4187,22,Fuchsia City,1.0,Champion,Fairy,51,0,DuskBall,67,2,0,Defensive,10,0,336,1,
4188,67,Pewter City,0.0,Casino Worker,Ice,29,0,MasterBall,80,2,0,Defensive,18,1,137348,0,
4189,43,Vermilion City,1.0,Nurse,Psychic,28,0,TimerBall,40,3,0,Defensive,3,0,12813,1,
4190,41,Vermilion City,0.0,Researcher,Bug,7,0,LuxuryBall,34,1,0,Defensive,21,0,54991,1,
4191,50,Viridian City,1.0,Police Officer,Ground,54,0,MasterBall,40,0,0,Defensive,13,0,36742,1,
4192,23,Vermilion City,0.0,Researcher,Fire,38,0,NetBall,71,3,0,Unpredictable,10,0,66292,1,
4193,35,Cinnabar Island,1.0,Fisherman,Ghost,47,0,HealBall,85,0,0,Aggressive,0,0,79946,1,
4194,49,Cinnabar Island,2.0,Champion,Steel,77,0,DarkBall,73,1,0,Defensive,16,0,4505,1,
4195,11,Vermilion City,1.0,Nurse,Bug,16,0,UltraBall,76,0,0,Defensive,6,0,64760,1,
4196,60,Saffron City,1.0,Daycare Worker,Ice,85,0,MasterBall,66,1,0,Aggressive,19,0,74849,1,
4197,29,Saffron City,1.0,Nurse,Ice,22,0,HealBall,75,0,0,Defensive,3,0,79800,1,
4198,13,Lavender Town,1.0,Nurse,Dark,5,0,PokéBall,85,7,0,Unpredictable,4,0,83736,1,
4199,26,Pewter City,1.0,Elite Trainer,Ghost,81,0,HealBall,43,1,0,Unpredictable,17,0,31212,1,
4200,25,Pewter City,2.0,Gym Leader Assistant,Dark,10,0,HealBall,84,3,0,Defensive,25,1,360303,0,
4201,17,Vermilion City,1.0,Scientist,Fire,75,0,GreatBall,41,5,0,Defensive,24,0,20074,1,
4202,45,Fuchsia City,1.0,Rocket Grunt,Poison,66,0,TimerBall,48,5,0,Aggressive,0,0,88601,1,
4203,46,Celadon City,1.0,Casino Worker,Bug,32,0,GreatBall,65,3,0,Defensive,17,0,99393,1,
4204,56,Cerulean City,2.0,PokéMart Seller,Fire,30,1,MasterBall,54,1,0,Defensive,20,0,339474,0,
4205,48,Vermilion City,1.0,PokéMart Seller,Poison,38,0,UltraBall,49,1,0,Defensive,17,0,23621,1,
4206,40,Pallet Town,0.0,Casino Worker,Bug,19,0,PokéBall,39,7,0,Unpredictable,19,0,22979,1,
4207,54,Viridian City,0.0,Champion,Bug,58,0,UltraBall,78,1,0,Unpredictable,23,0,21828,1,
4208,13,Fuchsia City,1.0,Rocket Grunt,Ground,17,0,NetBall,43,0,0,Unpredictable,25,0,40188,1,
4209,69,Viridian City,2.0,Police Officer,Rock,15,0,UltraBall,75,0,0,Defensive,22,0,65297,1,
4210,40,Viridian City,1.0,Researcher,Ground,52,0,MasterBall,59,0,0,Aggressive,19,0,80504,1,
4211,28,Viridian City,0.0,Daycare Worker,Fire,41,0,NetBall,84,0,0,Aggressive,16,0,89401,1,
4212,33,Pewter City,1.0,PokéMart Seller,Steel,62,0,GreatBall,81,3,0,Defensive,1,0,86845,1,
4213,12,Cinnabar Island,0.0,Daycare Worker,Electric,42,0,MasterBall,46,0,0,Defensive,8,0,16010,1,
4214,26,Pallet Town,1.0,Breeder,Fighting,93,0,NetBall,35,0,0,Defensive,6,0,15154,1,
4215,34,Lavender Town,0.0,Black Market Dealer,Flying,74,0,MasterBall,62,0,0,Defensive,16,1,34749,0,
4216,31,Cinnabar Island,1.0,Black Market Dealer,Dark,56,1,UltraBall,71,2,0,Aggressive,30,0,33681,1,
4217,33,Celadon City,2.0,Daycare Worker,Ghost,21,0,GreatBall,23,3,0,Unpredictable,25,0,93367,1,
4218,23,Vermilion City,1.0,Gym Leader Assistant,Fire,65,0,HealBall,41,4,0,Defensive,18,0,89280,1,
4219,20,Vermilion City,0.0,Champion,Electric,67,0,PokéBall,32,3,0,Unpredictable,23,0,98337,1,
4220,17,Cerulean City,0.0,Rocket Grunt,Rock,44,0,DarkBall,61,4,0,Defensive,9,0,89801,1,
4221,54,Saffron City,0.0,PokéMart Seller,Ghost,47,0,DuskBall,35,3,0,Unpredictable,9,0,71265,1,
4222,65,Cerulean City,1.0,Champion,Dark,75,0,MasterBall,67,4,0,Unpredictable,14,0,30037,1,
4223,67,Pallet Town,1.0,Nurse,Rock,59,0,DuskBall,67,2,0,Unpredictable,6,0,85214,1,
4224,43,Cinnabar Island,0.0,Black Market Dealer,Fire,9,0,DuskBall,45,1,0,Aggressive,21,0,47351,1,
4225,35,Pallet Town,0.0,Police Officer,Psychic,15,0,GreatBall,42,3,0,Defensive,20,0,2670,1,
4226,38,Fuchsia City,1.0,PokéMart Seller,Dragon,40,0,MasterBall,67,4,0,Unpredictable,3,0,39541,1,
4227,39,Fuchsia City,2.0,Police Officer,Fairy,8,0,PokéBall,55,5,0,Unpredictable,22,0,32108,1,
4228,46,Fuchsia City,1.0,Daycare Worker,Fire,46,0,DuskBall,20,0,0,Aggressive,19,0,40077,1,
4229,62,Vermilion City,1.0,Champion,Grass,28,0,TimerBall,66,1,0,Aggressive,22,0,10100,1,
4230,59,Pallet Town,1.0,Researcher,Grass,64,0,DuskBall,30,1,0,Aggressive,8,0,98181,1,
4231,44,Pallet Town,0.0,Casino Worker,Fire,78,0,LuxuryBall,71,5,0,Unpredictable,11,0,92735,1,
4232,14,Cinnabar Island,2.0,Police Officer,Bug,99,0,TimerBall,39,3,0,Unpredictable,23,0,20252,1,
4233,58,Saffron City,0.0,Police Officer,Fairy,70,0,DuskBall,20,3,0,Defensive,2,0,683,1,
4234,40,Pewter City,0.0,Breeder,Steel,34,0,HealBall,32,0,0,Unpredictable,3,0,41426,1,
4235,10,Pallet Town,0.0,Underground Battler,Dark,28,0,LuxuryBall,57,0,0,Defensive,12,0,11530,1,
4236,17,Celadon City,0.0,Breeder,Electric,41,0,UltraBall,80,2,0,Aggressive,19,0,34167,1,
4237,23,Saffron City,1.0,Rocket Grunt,Ground,34,0,NetBall,57,0,0,Unpredictable,22,0,46663,1,
4238,25,Cinnabar Island,2.0,Nurse,Poison,95,0,UltraBall,71,6,0,Aggressive,9,0,55042,1,
4239,61,Fuchsia City,1.0,Breeder,Dragon,28,0,UltraBall,82,0,0,Aggressive,8,0,59593,1,
4240,19,Pallet Town,1.0,Scientist,Bug,72,0,GreatBall,61,2,0,Defensive,22,0,47250,1,
4241,63,Viridian City,0.0,PokéMart Seller,Water,79,0,UltraBall,59,0,0,Defensive,11,0,67728,1,
4242,23,Vermilion City,0.0,Biker,Dragon,91,0,PokéBall,52,4,0,Unpredictable,1,0,72183,1,
4243,45,Saffron City,0.0,Fisherman,Flying,20,0,UltraBall,75,8,0,Defensive,23,0,83703,1,
4244,26,Vermilion City,1.0,Researcher,Flying,97,0,HealBall,69,8,0,Unpredictable,0,0,24299,1,
4245,36,Lavender Town,1.0,Biker,Dragon,73,0,DarkBall,40,2,0,Aggressive,16,0,281586,0,
4246,30,Pewter City,0.0,Black Market Dealer,Grass,34,0,LuxuryBall,46,5,0,Aggressive,7,0,25976,1,
4247,29,Cinnabar Island,2.0,Biker,Rock,52,0,UltraBall,73,6,0,Aggressive,5,0,1311,1,
4248,44,Cinnabar Island,0.0,Rocket Grunt,Ice,37,0,DarkBall,23,1,0,Defensive,19,0,28505,1,
4249,49,Pallet Town,1.0,PokéMart Seller,Ice,100,0,LuxuryBall,34,0,0,Defensive,9,0,29333,1,
4250,70,Vermilion City,1.0,PokéMart Seller,Ice,10,0,TimerBall,39,3,0,Unpredictable,4,0,61974,1,
4251,58,Cerulean City,1.0,PokéMart Seller,Steel,25,0,HealBall,64,8,0,Defensive,17,0,97356,1,
4252,62,Cerulean City,1.0,Fisherman,Rock,41,0,HealBall,43,1,0,Unpredictable,15,0,92693,1,
4253,39,Pewter City,1.0,Gym Leader Assistant,Electric,35,0,PokéBall,78,0,0,Defensive,0,0,56399,1,
4254,46,Cinnabar Island,1.0,Daycare Worker,Water,46,0,MasterBall,36,3,0,Unpredictable,2,0,85794,1,
4255,57,Cinnabar Island,2.0,Gym Leader Assistant,Dark,55,0,GreatBall,58,1,0,Defensive,1,0,79103,1,
4256,58,Fuchsia City,0.0,Police Officer,Poison,51,0,MasterBall,61,4,0,Aggressive,4,0,155543,1,
4257,66,Saffron City,1.0,Elite Trainer,Poison,71,0,GreatBall,74,1,0,Defensive,2,0,91011,1,
4258,62,Celadon City,0.0,Gym Leader Assistant,Ghost,100,0,DarkBall,22,1,0,Aggressive,2,0,95523,1,
4259,31,Lavender Town,2.0,Underground Battler,Rock,89,0,HealBall,20,1,0,Defensive,15,0,7778,1,
4260,29,Pewter City,1.0,Champion,Ghost,100,0,DarkBall,42,2,0,Aggressive,11,0,68672,1,
4261,39,Cerulean City,1.0,Fisherman,Bug,24,0,UltraBall,83,2,0,Aggressive,23,0,18446,1,
4262,22,Viridian City,2.0,Researcher,Normal,63,0,MasterBall,76,0,0,Aggressive,15,0,78379,1,
4263,16,Saffron City,0.0,PokéMart Seller,Bug,76,0,PokéBall,35,3,0,Defensive,15,0,79070,1,
4264,62,Cerulean City,0.0,Breeder,Rock,63,0,DuskBall,20,1,0,Aggressive,12,0,99896,1,
4265,59,Celadon City,0.0,Researcher,Fairy,53,0,NetBall,84,5,0,Defensive,12,0,73188,1,
4266,18,Pewter City,1.0,Fisherman,Fire,6,0,UltraBall,46,0,0,Unpredictable,22,0,77830,1,
4267,66,Cerulean City,1.0,Champion,Poison,68,0,DarkBall,31,2,0,Aggressive,3,0,57371,1,
4268,24,Lavender Town,1.0,Casino Worker,Electric,95,0,NetBall,67,0,0,Defensive,29,0,43200,1,
4269,56,Lavender Town,0.0,Researcher,Steel,93,0,HealBall,44,3,0,Defensive,15,0,1314,1,
4270,69,Viridian City,0.0,Fisherman,Ground,61,0,HealBall,40,1,0,Aggressive,15,0,7097,1,
4271,45,Saffron City,0.0,PokéMart Seller,Poison,30,0,UltraBall,31,2,0,Unpredictable,5,1,338769,1,
4272,10,Celadon City,0.0,Elite Trainer,Grass,81,0,LuxuryBall,65,3,0,Defensive,4,0,26759,1,
4273,24,Celadon City,1.0,Daycare Worker,Rock,89,0,DarkBall,48,0,0,Defensive,9,0,18692,1,
4274,31,Cerulean City,1.0,Gym Leader Assistant,Poison,59,0,MasterBall,73,6,1,Unpredictable,12,0,175859,0,
4275,70,Lavender Town,1.0,Daycare Worker,Flying,100,0,PokéBall,22,2,0,Unpredictable,24,0,13485,1,
4276,30,Celadon City,2.0,PokéMart Seller,Rock,41,0,TimerBall,46,3,0,Unpredictable,4,0,74961,1,
4277,42,Cinnabar Island,1.0,Daycare Worker,Flying,64,0,HealBall,31,4,0,Unpredictable,25,0,28964,1,
4278,28,Cinnabar Island,0.0,Biker,Dark,94,0,HealBall,87,2,0,Unpredictable,9,0,233220,1,
4279,15,Viridian City,0.0,Elite Trainer,Ice,28,0,TimerBall,59,4,0,Unpredictable,11,0,96204,1,
4280,57,Lavender Town,1.0,Gym Leader Assistant,Fire,15,0,PokéBall,20,6,0,Aggressive,12,0,41618,1,
4281,34,Fuchsia City,1.0,Rocket Grunt,Poison,77,0,DuskBall,54,0,0,Defensive,25,0,36934,1,
4282,47,Pewter City,0.0,Biker,Dark,98,0,LuxuryBall,58,4,0,Aggressive,13,0,70700,1,
4283,14,Viridian City,1.0,PokéMart Seller,Rock,86,0,NetBall,84,0,0,Defensive,18,0,77356,1,
4284,15,Vermilion City,1.0,Scientist,Steel,20,0,TimerBall,50,0,0,Defensive,16,0,94586,1,
4285,30,Fuchsia City,2.0,Rocket Grunt,Fighting,92,0,TimerBall,48,7,0,Defensive,0,0,52159,1,
4286,35,Cinnabar Island,1.0,Biker,Flying,9,0,UltraBall,51,4,0,Unpredictable,21,0,48689,1,
4287,50,Pewter City,0.0,Biker,Dark,54,0,NetBall,70,6,0,Aggressive,0,0,33838,1,
4288,17,Pallet Town,2.0,Police Officer,Water,86,0,MasterBall,32,3,0,Unpredictable,24,0,80966,1,
4289,56,Fuchsia City,1.0,Breeder,Dragon,34,0,DarkBall,43,3,0,Unpredictable,11,0,74471,1,
4290,64,Lavender Town,1.0,Police Officer,Dark,37,0,GreatBall,77,1,0,Defensive,12,0,46731,1,
4291,64,Viridian City,1.0,Researcher,Steel,11,0,DarkBall,51,4,0,Defensive,21,0,94507,1,
4292,34,Pewter City,0.0,Police Officer,Electric,21,0,PokéBall,79,3,0,Unpredictable,7,0,85942,1,
4293,45,Viridian City,1.0,Fisherman,Flying,78,0,MasterBall,37,6,0,Aggressive,18,0,81775,1,
4294,58,Lavender Town,2.0,Gym Leader Assistant,Fairy,46,0,DuskBall,37,0,0,Aggressive,15,0,4800,1,
4295,52,Pallet Town,0.0,Biker,Electric,18,0,UltraBall,35,1,0,Defensive,15,0,21806,1,
4296,18,Vermilion City,1.0,Gym Leader Assistant,Fairy,12,0,PokéBall,60,2,0,Aggressive,1,0,62190,1,
4297,52,Cerulean City,2.0,Daycare Worker,Rock,66,0,LuxuryBall,37,4,0,Defensive,18,0,74823,1,
4298,21,Vermilion City,0.0,Champion,Electric,100,0,MasterBall,77,0,0,Defensive,5,0,50166,1,
4299,61,Vermilion City,0.0,Rocket Grunt,Fire,50,0,LuxuryBall,78,0,0,Unpredictable,22,0,52370,1,
4300,55,Pewter City,0.0,Daycare Worker,Dark,18,0,MasterBall,78,4,0,Aggressive,11,0,85553,1,
4301,54,Saffron City,0.0,Police Officer,Fighting,49,0,LuxuryBall,31,3,0,Aggressive,9,0,97920,1,
4302,32,Fuchsia City,0.0,Elite Trainer,Flying,49,1,NetBall,31,0,0,Aggressive,10,0,256934,0,
4303,48,Cerulean City,0.0,Underground Battler,Ghost,98,0,HealBall,57,3,0,Defensive,4,0,48058,1,
4304,68,Vermilion City,2.0,Scientist,Flying,77,0,DuskBall,82,5,0,Defensive,9,0,8673,1,
4305,35,Vermilion City,1.0,Fisherman,Flying,42,0,HealBall,55,2,0,Unpredictable,22,0,86047,1,
4306,18,Pewter City,2.0,Black Market Dealer,Grass,94,0,NetBall,40,2,0,Unpredictable,9,0,49955,1,
4307,45,Pallet Town,1.0,Elite Trainer,Grass,50,0,HealBall,50,3,0,Aggressive,19,0,94595,1,
4308,67,Fuchsia City,1.0,Scientist,Fire,46,1,GreatBall,34,0,0,Aggressive,30,0,40208,1,
4309,57,Celadon City,0.0,Underground Battler,Steel,24,0,DarkBall,56,4,0,Unpredictable,6,0,9420,1,
4310,17,Saffron City,1.0,Rocket Grunt,Bug,23,0,UltraBall,23,4,0,Defensive,4,0,85987,1,
4311,65,Lavender Town,0.0,Researcher,Fairy,79,0,MasterBall,46,1,0,Defensive,18,0,70273,1,
4312,21,Vermilion City,2.0,Daycare Worker,Psychic,92,0,PokéBall,40,3,0,Defensive,18,0,55129,1,
4313,54,Fuchsia City,2.0,Elite Trainer,Steel,79,0,UltraBall,50,0,0,Defensive,1,0,10460,1,
4314,39,Celadon City,1.0,Nurse,Ice,96,1,GreatBall,69,0,0,Unpredictable,16,0,311148,0,
4315,52,Cerulean City,0.0,PokéMart Seller,Fire,91,0,NetBall,65,2,0,Aggressive,22,0,33576,1,
4316,52,Cerulean City,2.0,Casino Worker,Water,64,0,TimerBall,69,1,0,Aggressive,9,0,64339,1,
4317,11,Lavender Town,1.0,Rocket Grunt,Ghost,17,0,NetBall,74,3,0,Defensive,17,0,37706,1,
4318,35,Fuchsia City,0.0,PokéMart Seller,Steel,18,0,DarkBall,45,2,0,Unpredictable,7,0,82914,1,
4319,54,Vermilion City,1.0,PokéMart Seller,Flying,91,0,GreatBall,78,1,0,Aggressive,21,0,7064,1,
4320,32,Viridian City,0.0,Biker,Fire,57,0,LuxuryBall,60,4,0,Aggressive,19,0,97992,1,
4321,38,Fuchsia City,0.0,Daycare Worker,Rock,10,0,MasterBall,69,1,0,Defensive,6,0,35023,1,
4322,37,Celadon City,1.0,Casino Worker,Dark,47,0,HealBall,66,3,0,Aggressive,15,0,3081,1,
4323,65,Lavender Town,1.0,Nurse,Dark,36,0,GreatBall,71,1,0,Aggressive,7,0,67378,1,
4324,31,Saffron City,0.0,PokéMart Seller,Flying,63,0,DuskBall,72,1,0,Unpredictable,13,0,37768,1,
4325,52,Cinnabar Island,0.0,Gym Leader Assistant,Ground,9,0,MasterBall,64,2,0,Unpredictable,23,0,15477,1,
4326,38,Saffron City,1.0,Rocket Grunt,Steel,92,0,LuxuryBall,50,5,0,Unpredictable,23,0,42078,1,
4327,26,Pallet Town,0.0,Gym Leader Assistant,Dragon,89,0,PokéBall,31,2,0,Unpredictable,8,0,69525,1,
4328,50,Lavender Town,2.0,Rocket Grunt,Steel,7,0,DuskBall,22,1,0,Unpredictable,2,0,71900,1,
4329,31,Vermilion City,1.0,Rocket Grunt,Ground,53,0,UltraBall,24,4,0,Defensive,19,0,66027,1,
4330,14,Vermilion City,1.0,Daycare Worker,Ice,6,0,DuskBall,57,4,0,Aggressive,17,0,92737,1,
4331,33,Celadon City,1.0,Daycare Worker,Flying,90,0,GreatBall,22,5,0,Aggressive,15,0,21358,1,
4332,20,Viridian City,2.0,Breeder,Dark,79,0,LuxuryBall,47,5,0,Aggressive,5,0,7959,1,
4333,29,Viridian City,1.0,Biker,Rock,90,0,NetBall,52,5,0,Unpredictable,5,0,32729,1,
4334,25,Pallet Town,0.0,Police Officer,Flying,32,0,GreatBall,36,3,0,Aggressive,3,0,95901,1,
4335,67,Pewter City,1.0,PokéMart Seller,Water,74,0,HealBall,65,3,0,Aggressive,10,0,33784,1,
4336,14,Pewter City,1.0,Biker,Ghost,90,0,NetBall,50,0,0,Unpredictable,20,0,37220,1,
4337,55,Cerulean City,1.0,Elite Trainer,Water,32,0,GreatBall,63,2,0,Aggressive,1,0,18198,1,
4338,51,Saffron City,2.0,Casino Worker,Ground,25,0,PokéBall,36,2,0,Defensive,12,0,96379,1,
4339,60,Vermilion City,1.0,Researcher,Grass,17,0,DuskBall,70,1,0,Defensive,6,0,28316,0,
4340,52,Pewter City,1.0,Underground Battler,Rock,27,0,LuxuryBall,85,3,0,Defensive,3,1,230806,1,
4341,26,Vermilion City,0.0,Champion,Electric,40,0,PokéBall,74,1,0,Defensive,3,0,87935,1,
4342,29,Fuchsia City,0.0,Casino Worker,Electric,62,0,DuskBall,76,2,0,Defensive,3,0,54216,1,
4343,65,Fuchsia City,0.0,Scientist,Dark,85,0,NetBall,53,3,0,Unpredictable,21,0,64739,1,
4344,33,Saffron City,1.0,Champion,Normal,51,0,UltraBall,45,2,0,Unpredictable,4,0,28649,1,
4345,25,Cerulean City,0.0,Biker,Poison,84,0,UltraBall,33,0,0,Defensive,24,0,18714,1,
4346,62,Cerulean City,2.0,Biker,Psychic,33,0,HealBall,57,0,0,Aggressive,10,0,65255,1,
4347,47,Vermilion City,2.0,Breeder,Dark,83,0,NetBall,27,2,0,Defensive,3,0,57812,1,
4348,67,Pallet Town,0.0,Black Market Dealer,Poison,27,0,HealBall,25,0,0,Unpredictable,19,0,88416,1,
4349,57,Cerulean City,1.0,Gym Leader Assistant,Ghost,8,0,MasterBall,45,3,0,Unpredictable,5,0,571,1,
4350,43,Cinnabar Island,1.0,Scientist,Steel,8,0,GreatBall,38,3,0,Aggressive,3,0,11455,1,
4351,48,Viridian City,0.0,Scientist,Water,64,0,NetBall,36,7,0,Unpredictable,4,0,14423,1,
4352,15,Vermilion City,0.0,Police Officer,Fire,7,0,MasterBall,44,0,0,Aggressive,21,0,61492,1,
4353,24,Pallet Town,1.0,Underground Battler,Poison,66,0,UltraBall,54,0,0,Unpredictable,1,0,27333,1,
4354,24,Lavender Town,0.0,Breeder,Fighting,82,0,PokéBall,46,1,0,Aggressive,0,0,89916,1,
4355,20,Pewter City,2.0,PokéMart Seller,Dark,96,0,GreatBall,31,3,0,Unpredictable,0,0,7950,1,
4356,60,Saffron City,0.0,Police Officer,Ghost,6,0,DuskBall,72,3,0,Unpredictable,3,0,38821,1,
4357,67,Pallet Town,0.0,Daycare Worker,Flying,92,1,TimerBall,53,7,0,Defensive,12,1,397474,0,
4358,38,Cinnabar Island,1.0,Underground Battler,Fire,35,0,TimerBall,58,0,0,Unpredictable,12,0,9845,1,
4359,40,Viridian City,0.0,Daycare Worker,Dragon,12,0,HealBall,60,0,0,Unpredictable,10,0,23457,1,
4360,52,Celadon City,0.0,Underground Battler,Ground,12,0,DarkBall,43,3,0,Aggressive,4,0,72023,1,
4361,36,Viridian City,1.0,PokéMart Seller,Ice,94,0,NetBall,27,1,0,Aggressive,6,0,20309,1,
4362,63,Pallet Town,2.0,Casino Worker,Fighting,17,1,MasterBall,41,0,0,Unpredictable,4,1,281200,0,
4363,24,Cinnabar Island,1.0,Underground Battler,Flying,80,0,NetBall,38,1,0,Unpredictable,12,0,22170,1,
4364,21,Pallet Town,1.0,Casino Worker,Dark,51,0,TimerBall,29,3,0,Defensive,4,0,70412,1,
4365,34,Viridian City,0.0,Fisherman,Fighting,24,0,MasterBall,24,4,0,Unpredictable,12,0,70743,1,
4366,10,Cerulean City,0.0,Daycare Worker,Psychic,18,0,PokéBall,27,3,0,Aggressive,6,0,8252,1,
4367,41,Saffron City,1.0,Fisherman,Poison,55,0,PokéBall,46,3,0,Defensive,3,0,92404,1,
4368,20,Vermilion City,2.0,Nurse,Steel,85,0,GreatBall,32,0,0,Aggressive,17,0,16560,1,
4369,46,Pewter City,1.0,Breeder,Poison,72,0,DuskBall,53,5,0,Aggressive,11,0,86791,1,
4370,26,Lavender Town,0.0,PokéMart Seller,Fighting,18,0,UltraBall,35,2,0,Defensive,17,0,12652,1,
4371,32,Cinnabar Island,2.0,Daycare Worker,Psychic,68,0,GreatBall,78,0,0,Aggressive,18,0,31956,1,
4372,35,Viridian City,2.0,Rocket Grunt,Ghost,35,0,PokéBall,47,0,0,Aggressive,12,0,9639,1,
4373,45,Fuchsia City,1.0,Biker,Steel,81,1,PokéBall,63,0,0,Unpredictable,24,1,260755,0,
4374,38,Pewter City,0.0,Researcher,Flying,44,0,TimerBall,68,2,0,Unpredictable,0,0,48174,1,
4375,46,Viridian City,1.0,Nurse,Psychic,34,0,PokéBall,50,6,0,Unpredictable,9,0,38754,1,
4376,70,Pallet Town,0.0,Black Market Dealer,Fairy,84,0,MasterBall,37,0,0,Aggressive,7,0,95195,1,
4377,15,Lavender Town,0.0,Breeder,Fire,85,0,NetBall,31,2,0,Defensive,1,0,63539,1,
4378,11,Cerulean City,1.0,Breeder,Dragon,85,0,NetBall,72,1,0,Aggressive,19,0,11219,1,
4379,37,Pewter City,1.0,Daycare Worker,Steel,99,0,TimerBall,24,0,0,Aggressive,2,0,71539,1,
4380,10,Cerulean City,0.0,Elite Trainer,Flying,59,0,MasterBall,50,0,0,Aggressive,0,0,49604,1,
4381,11,Lavender Town,0.0,Nurse,Normal,92,0,GreatBall,73,0,0,Defensive,2,0,32846,1,
4382,21,Celadon City,0.0,Breeder,Water,27,0,DarkBall,35,0,0,Unpredictable,21,0,65351,1,
4383,42,Lavender Town,1.0,Gym Leader Assistant,Ground,90,0,LuxuryBall,56,4,0,Unpredictable,16,0,92878,1,
4384,46,Pallet Town,0.0,Biker,Rock,19,0,DarkBall,42,0,0,Defensive,10,0,10677,1,
4385,60,Lavender Town,2.0,Researcher,Grass,83,0,HealBall,53,0,0,Defensive,25,0,86095,1,
4386,32,Viridian City,0.0,Breeder,Poison,8,0,NetBall,53,1,0,Defensive,1,0,10294,1,
4387,57,Saffron City,2.0,Police Officer,Flying,60,0,DuskBall,60,4,0,Unpredictable,13,0,75397,1,
4388,37,Pallet Town,0.0,Police Officer,Poison,77,0,GreatBall,52,0,0,Unpredictable,16,0,60816,1,
4389,54,Vermilion City,0.0,Elite Trainer,Ground,30,0,LuxuryBall,44,1,0,Aggressive,9,0,55496,1,
4390,56,Celadon City,2.0,Breeder,Rock,14,0,GreatBall,74,0,0,Defensive,19,1,218101,0,
4391,51,Cinnabar Island,1.0,PokéMart Seller,Dark,76,0,HealBall,24,5,0,Unpredictable,18,0,85190,1,
4392,55,Viridian City,1.0,Elite Trainer,Fire,28,0,HealBall,33,0,0,Aggressive,10,0,5360,1,
4393,56,Celadon City,1.0,Underground Battler,Ghost,87,0,TimerBall,32,0,0,Aggressive,24,0,15074,1,
4394,15,Vermilion City,1.0,Elite Trainer,Steel,41,0,PokéBall,22,1,0,Defensive,13,0,6309,1,
4395,59,Lavender Town,0.0,Researcher,Grass,93,0,TimerBall,52,1,0,Unpredictable,19,0,79743,1,
4396,17,Viridian City,0.0,Daycare Worker,Steel,15,0,UltraBall,48,2,0,Defensive,11,0,9019,1,
4397,60,Celadon City,0.0,Nurse,Fighting,73,0,MasterBall,69,1,0,Aggressive,24,0,85895,1,
4398,41,Vermilion City,0.0,Breeder,Electric,38,0,GreatBall,77,4,0,Defensive,10,0,45860,1,
4399,46,Cinnabar Island,0.0,Nurse,Dark,34,0,DarkBall,63,3,0,Aggressive,8,0,14816,1,
4400,37,Fuchsia City,2.0,Rocket Grunt,Grass,72,0,TimerBall,84,4,0,Defensive,15,0,60090,1,
4401,61,Celadon City,1.0,Casino Worker,Water,22,0,HealBall,85,1,0,Defensive,0,0,17633,1,
4402,42,Pewter City,2.0,Casino Worker,Water,18,0,GreatBall,76,1,0,Defensive,14,0,16336,1,
4403,23,Cinnabar Island,1.0,Champion,Grass,9,0,LuxuryBall,31,1,0,Unpredictable,5,0,17047,1,
4404,44,Pallet Town,0.0,Scientist,Dark,12,0,GreatBall,77,0,0,Defensive,24,0,42980,1,
4405,18,Fuchsia City,0.0,Breeder,Fairy,88,0,MasterBall,51,2,0,Aggressive,10,0,46300,1,
4406,10,Lavender Town,0.0,Elite Trainer,Ice,86,0,LuxuryBall,85,6,0,Aggressive,24,0,95099,1,
4407,23,Cinnabar Island,1.0,Nurse,Fire,8,0,DuskBall,73,3,0,Unpredictable,6,0,69890,1,
4408,52,Cerulean City,0.0,Researcher,Rock,71,0,PokéBall,30,6,0,Unpredictable,19,0,38475,1,
4409,28,Fuchsia City,1.0,Gym Leader Assistant,Psychic,59,0,NetBall,26,0,0,Unpredictable,6,0,51568,1,
4410,38,Pallet Town,0.0,Daycare Worker,Dragon,78,1,NetBall,68,0,0,Aggressive,25,0,321486,1,
4411,63,Pallet Town,0.0,Daycare Worker,Fighting,29,0,DarkBall,30,5,0,Defensive,1,0,75036,1,
4412,24,Viridian City,0.0,Nurse,Steel,6,0,UltraBall,29,0,0,Defensive,8,0,60700,1,
4413,16,Fuchsia City,1.0,Elite Trainer,Bug,59,0,MasterBall,34,1,0,Aggressive,14,0,24687,1,
4414,45,Vermilion City,0.0,Underground Battler,Grass,68,0,GreatBall,22,5,0,Defensive,11,0,89954,1,
4415,10,Lavender Town,1.0,Gym Leader Assistant,Poison,79,0,LuxuryBall,29,1,0,Unpredictable,0,0,19512,1,
4416,41,Celadon City,1.0,Gym Leader Assistant,Ground,79,0,TimerBall,45,3,0,Defensive,23,0,10838,1,
4417,41,Fuchsia City,1.0,Casino Worker,Steel,31,0,MasterBall,44,1,0,Unpredictable,23,0,48527,1,
4418,48,Lavender Town,0.0,Underground Battler,Grass,75,0,PokéBall,34,2,0,Defensive,16,0,14246,1,
4419,30,Fuchsia City,0.0,Biker,Water,21,0,HealBall,83,0,0,Defensive,16,0,28656,1,
4420,28,Pallet Town,2.0,Daycare Worker,Bug,19,0,MasterBall,37,3,0,Aggressive,24,0,82436,1,
4421,41,Pallet Town,1.0,Underground Battler,Water,99,0,TimerBall,23,2,0,Defensive,4,0,22989,1,
4422,26,Viridian City,0.0,Elite Trainer,Dark,84,0,DuskBall,74,2,0,Aggressive,12,0,86536,1,
4423,13,Fuchsia City,1.0,Gym Leader Assistant,Grass,62,0,DarkBall,33,6,0,Defensive,23,1,98679,0,
4424,37,Celadon City,1.0,Nurse,Ground,46,0,NetBall,59,1,0,Defensive,17,0,138500,0,
4425,65,Viridian City,1.0,Breeder,Steel,16,0,DarkBall,39,3,0,Defensive,16,0,8312,1,
4426,27,Lavender Town,1.0,Nurse,Psychic,69,0,DuskBall,79,1,0,Unpredictable,22,0,390,1,
4427,32,Cerulean City,1.0,PokéMart Seller,Grass,40,0,UltraBall,44,3,0,Defensive,15,0,21129,1,
4428,36,Saffron City,0.0,Champion,Flying,61,0,GreatBall,40,3,0,Unpredictable,6,0,62673,1,
4429,48,Vermilion City,0.0,Underground Battler,Bug,7,0,PokéBall,48,4,0,Defensive,7,0,67935,1,
4430,42,Cerulean City,1.0,Daycare Worker,Bug,61,0,DuskBall,44,4,0,Defensive,20,0,22260,1,
4431,26,Viridian City,0.0,Breeder,Normal,5,0,DuskBall,70,4,0,Defensive,6,0,8399,1,
4432,19,Viridian City,2.0,Biker,Poison,22,0,LuxuryBall,70,4,0,Unpredictable,9,0,19136,1,
4433,25,Cinnabar Island,1.0,Daycare Worker,Poison,19,0,DarkBall,63,5,0,Aggressive,0,0,74156,1,
4434,45,Saffron City,2.0,Rocket Grunt,Fire,86,0,PokéBall,55,1,0,Unpredictable,18,0,43747,1,
4435,57,Pallet Town,0.0,PokéMart Seller,Water,20,0,TimerBall,28,5,0,Aggressive,0,0,76718,1,
4436,23,Cinnabar Island,1.0,Black Market Dealer,Electric,91,0,TimerBall,76,2,0,Aggressive,0,0,18268,1,
4437,26,Viridian City,1.0,Elite Trainer,Flying,53,0,UltraBall,54,1,0,Unpredictable,14,0,23547,1,
4438,21,Celadon City,0.0,Fisherman,Dark,80,0,NetBall,70,3,0,Defensive,7,0,1222,1,
4439,12,Celadon City,1.0,Scientist,Fighting,77,0,UltraBall,41,0,0,Aggressive,18,0,389677,0,
4440,69,Fuchsia City,1.0,Fisherman,Dark,68,0,DuskBall,77,2,0,Aggressive,6,0,87744,1,
4441,28,Vermilion City,1.0,Champion,Poison,58,0,MasterBall,78,1,0,Defensive,7,0,28636,1,
4442,70,Pewter City,2.0,PokéMart Seller,Ghost,78,0,TimerBall,67,0,0,Unpredictable,22,0,7794,1,
4443,18,Fuchsia City,1.0,Black Market Dealer,Dark,19,0,LuxuryBall,62,0,0,Defensive,21,0,251051,1,
4444,44,Viridian City,0.0,Gym Leader Assistant,Dragon,9,0,DuskBall,66,0,0,Aggressive,20,0,43876,1,
4445,44,Fuchsia City,0.0,Daycare Worker,Rock,75,0,LuxuryBall,36,1,0,Defensive,8,0,63466,1,
4446,63,Cerulean City,0.0,Police Officer,Ice,19,0,LuxuryBall,84,3,0,Defensive,11,0,68856,1,
4447,27,Celadon City,1.0,Daycare Worker,Fighting,54,0,DarkBall,64,5,0,Unpredictable,3,0,24903,1,
4448,62,Viridian City,1.0,PokéMart Seller,Dragon,7,0,NetBall,59,0,0,Defensive,6,0,49771,1,
4449,15,Cerulean City,0.0,Fisherman,Grass,72,0,HealBall,80,0,0,Unpredictable,1,0,69860,1,
4450,63,Lavender Town,1.0,Nurse,Grass,93,0,TimerBall,47,5,0,Unpredictable,18,0,89379,1,
4451,32,Viridian City,1.0,Fisherman,Dragon,80,0,UltraBall,80,0,0,Aggressive,16,0,39862,1,
4452,48,Pewter City,2.0,Scientist,Water,32,0,NetBall,50,1,0,Unpredictable,8,0,30393,1,
4453,38,Fuchsia City,0.0,Gym Leader Assistant,Flying,86,0,DuskBall,71,2,0,Unpredictable,3,0,78305,1,
4454,61,Lavender Town,1.0,Nurse,Water,39,0,PokéBall,60,3,0,Unpredictable,25,0,34488,1,
4455,45,Celadon City,1.0,Fisherman,Water,31,0,MasterBall,80,3,0,Aggressive,23,0,58792,1,
4456,19,Vermilion City,0.0,Nurse,Ghost,38,0,PokéBall,48,0,0,Unpredictable,10,0,192890,0,
4457,19,Cerulean City,0.0,Breeder,Ice,7,0,GreatBall,70,0,0,Unpredictable,20,0,50995,1,
4458,19,Cinnabar Island,2.0,Gym Leader Assistant,Flying,24,0,GreatBall,78,0,0,Defensive,14,0,38639,1,
4459,24,Lavender Town,0.0,Scientist,Normal,53,0,MasterBall,65,2,0,Aggressive,3,0,25041,1,
4460,33,Celadon City,1.0,Rocket Grunt,Fairy,22,0,GreatBall,44,2,0,Unpredictable,0,0,35750,1,
4461,32,Pallet Town,0.0,Black Market Dealer,Poison,95,0,DuskBall,32,1,0,Unpredictable,12,0,46463,1,
4462,17,Pallet Town,0.0,Scientist,Flying,41,0,MasterBall,32,3,0,Aggressive,16,0,20211,1,
4463,26,Celadon City,1.0,Scientist,Fire,32,0,TimerBall,80,0,0,Unpredictable,20,0,73256,1,
4464,14,Cerulean City,1.0,Biker,Dragon,89,0,DuskBall,27,3,0,Aggressive,25,0,18595,1,
4465,61,Cerulean City,1.0,Researcher,Poison,89,0,GreatBall,23,8,0,Defensive,23,0,13783,1,
4466,39,Pallet Town,0.0,Champion,Fighting,67,0,DarkBall,66,5,0,Defensive,9,0,8089,1,
4467,58,Cerulean City,1.0,Police Officer,Fire,32,0,GreatBall,24,3,0,Aggressive,4,0,23162,1,
4468,49,Viridian City,1.0,Police Officer,Steel,28,0,HealBall,27,0,0,Unpredictable,7,0,9679,1,
4469,63,Viridian City,0.0,Breeder,Poison,11,0,MasterBall,28,2,0,Aggressive,15,0,89709,1,
4470,29,Cerulean City,1.0,Rocket Grunt,Electric,12,0,GreatBall,41,0,0,Aggressive,12,0,2309,1,
4471,34,Saffron City,1.0,Casino Worker,Normal,47,0,PokéBall,67,1,0,Defensive,22,0,51935,1,
4472,24,Pewter City,1.0,Elite Trainer,Normal,77,0,PokéBall,72,2,0,Aggressive,15,0,85272,1,
4473,45,Pallet Town,0.0,Police Officer,Fairy,75,0,MasterBall,34,3,0,Aggressive,1,0,70003,1,
4474,57,Pallet Town,1.0,Elite Trainer,Psychic,86,0,LuxuryBall,38,7,0,Defensive,13,0,83961,1,
4475,18,Saffron City,1.0,Police Officer,Bug,53,0,NetBall,42,6,0,Aggressive,10,0,96006,1,
4476,50,Cerulean City,1.0,Gym Leader Assistant,Steel,97,0,DuskBall,48,1,0,Unpredictable,10,0,77526,1,
4477,63,Fuchsia City,1.0,Champion,Ghost,45,0,TimerBall,78,2,0,Defensive,2,0,26193,1,
4478,65,Pallet Town,1.0,Gym Leader Assistant,Rock,17,0,UltraBall,79,1,0,Aggressive,7,0,75388,1,
4479,13,Lavender Town,0.0,Researcher,Ice,13,0,DuskBall,43,2,0,Aggressive,22,0,78076,1,
4480,10,Celadon City,0.0,Researcher,Bug,84,0,DarkBall,47,3,0,Aggressive,24,0,71926,1,
4481,32,Saffron City,1.0,Gym Leader Assistant,Poison,25,0,TimerBall,35,7,0,Aggressive,22,0,69407,1,
4482,43,Fuchsia City,0.0,Breeder,Dark,72,0,LuxuryBall,49,1,0,Defensive,3,0,79706,1,
4483,37,Celadon City,0.0,Daycare Worker,Ghost,6,0,PokéBall,64,2,0,Defensive,24,0,89101,1,
4484,53,Lavender Town,1.0,Champion,Normal,42,0,GreatBall,47,1,0,Aggressive,21,0,65783,1,
4485,55,Vermilion City,2.0,Biker,Fairy,31,0,TimerBall,24,3,0,Defensive,10,0,65570,1,
4486,55,Saffron City,1.0,Nurse,Normal,34,0,DuskBall,30,1,0,Unpredictable,15,0,38629,1,
4487,67,Pewter City,2.0,Gym Leader Assistant,Rock,18,0,UltraBall,77,5,0,Defensive,14,0,24146,1,
4488,52,Lavender Town,0.0,Elite Trainer,Flying,69,0,LuxuryBall,55,2,0,Defensive,20,0,21561,1,
4489,44,Saffron City,0.0,Breeder,Grass,70,0,MasterBall,76,3,0,Defensive,4,0,3627,1,
4490,21,Cerulean City,0.0,Rocket Grunt,Fire,31,0,DuskBall,69,2,0,Aggressive,22,0,830,1,
4491,44,Lavender Town,0.0,Nurse,Normal,45,0,DuskBall,61,1,0,Unpredictable,10,0,6644,1,
4492,22,Fuchsia City,1.0,Gym Leader Assistant,Water,80,0,TimerBall,23,1,0,Aggressive,14,0,99869,1,
4493,26,Cerulean City,1.0,PokéMart Seller,Ground,89,0,NetBall,72,5,0,Defensive,17,0,97509,1,
4494,48,Lavender Town,1.0,Rocket Grunt,Normal,60,1,UltraBall,34,1,0,Unpredictable,13,0,287137,1,
4495,34,Viridian City,1.0,Daycare Worker,Bug,63,0,NetBall,49,1,0,Unpredictable,15,0,53831,1,
4496,24,Lavender Town,0.0,Scientist,Electric,52,0,MasterBall,73,2,0,Aggressive,5,0,67168,1,
4497,65,Celadon City,0.0,Scientist,Ice,66,0,DuskBall,30,1,0,Unpredictable,19,0,61490,1,
4498,33,Pallet Town,1.0,Gym Leader Assistant,Dragon,91,0,DuskBall,31,3,0,Unpredictable,0,0,1063,1,
4499,62,Viridian City,1.0,Biker,Ice,34,0,MasterBall,62,0,0,Aggressive,1,0,2094,1,
4500,59,Saffron City,0.0,Daycare Worker,Dark,77,0,UltraBall,82,1,0,Unpredictable,5,0,93087,1,
4501,27,Cinnabar Island,2.0,Daycare Worker,Ground,72,0,DarkBall,57,5,0,Defensive,3,0,44523,1,
4502,13,Pewter City,1.0,Casino Worker,Flying,30,0,NetBall,60,3,0,Defensive,0,0,11504,1,
4503,31,Fuchsia City,1.0,Rocket Grunt,Grass,10,0,HealBall,21,1,0,Defensive,12,0,21431,1,
4504,14,Cinnabar Island,0.0,Nurse,Ground,66,0,PokéBall,49,0,0,Defensive,19,0,33321,1,
4505,31,Viridian City,1.0,Casino Worker,Flying,50,0,DarkBall,33,4,0,Aggressive,6,0,20506,1,
4506,37,Celadon City,1.0,Black Market Dealer,Grass,72,0,UltraBall,67,0,0,Aggressive,21,0,88487,1,
4507,34,Cerulean City,0.0,Scientist,Ghost,89,0,NetBall,57,0,0,Aggressive,19,0,26173,1,
4508,11,Saffron City,1.0,Nurse,Flying,98,1,NetBall,38,1,0,Unpredictable,16,0,318802,1,
4509,70,Pallet Town,1.0,Casino Worker,Dark,31,0,LuxuryBall,26,5,0,Unpredictable,16,0,38729,1,
4510,12,Pallet Town,0.0,Champion,Fairy,84,0,UltraBall,36,1,0,Unpredictable,5,0,26525,1,
4511,58,Cerulean City,2.0,Underground Battler,Grass,68,0,HealBall,47,0,0,Aggressive,7,0,399007,0,
4512,40,Fuchsia City,0.0,Biker,Ghost,17,0,PokéBall,59,1,0,Unpredictable,5,0,9927,1,
4513,53,Viridian City,0.0,Rocket Grunt,Dark,38,0,NetBall,79,5,0,Unpredictable,6,0,37727,1,
4514,19,Viridian City,0.0,Fisherman,Rock,38,0,NetBall,48,3,0,Unpredictable,13,0,97747,1,
4515,70,Fuchsia City,0.0,Gym Leader Assistant,Dark,48,0,LuxuryBall,66,1,0,Aggressive,25,0,24342,1,
4516,36,Celadon City,1.0,Daycare Worker,Fairy,68,0,UltraBall,45,4,0,Unpredictable,13,0,81301,1,
4517,36,Pallet Town,0.0,Rocket Grunt,Dark,97,0,HealBall,64,1,0,Unpredictable,3,0,35071,1,
4518,17,Viridian City,2.0,Underground Battler,Bug,68,0,UltraBall,66,0,0,Aggressive,19,0,10007,1,
4519,66,Pallet Town,1.0,Scientist,Grass,28,0,HealBall,32,0,0,Aggressive,15,0,42044,1,
4520,56,Cinnabar Island,1.0,Fisherman,Poison,31,0,HealBall,67,6,0,Defensive,14,0,69990,1,
4521,45,Lavender Town,1.0,Elite Trainer,Fighting,85,0,NetBall,37,1,0,Unpredictable,20,0,29070,1,
4522,22,Lavender Town,1.0,Gym Leader Assistant,Bug,87,0,LuxuryBall,43,3,0,Defensive,11,0,68,1,
4523,55,Celadon City,0.0,Fisherman,Bug,35,0,TimerBall,59,0,0,Aggressive,7,0,90115,1,
4524,38,Cerulean City,1.0,Gym Leader Assistant,Poison,16,0,MasterBall,67,0,0,Aggressive,12,1,118110,1,
4525,10,Pallet Town,1.0,Elite Trainer,Water,81,0,UltraBall,57,0,0,Aggressive,10,0,8746,1,
4526,22,Saffron City,1.0,Elite Trainer,Water,33,0,UltraBall,73,5,0,Aggressive,24,0,64532,1,
4527,39,Pallet Town,1.0,Scientist,Fighting,18,0,TimerBall,74,2,0,Unpredictable,3,0,66739,1,
4528,53,Pewter City,0.0,Gym Leader Assistant,Grass,35,0,PokéBall,34,3,0,Defensive,24,0,62815,1,
4529,21,Cinnabar Island,1.0,Scientist,Grass,8,0,UltraBall,35,1,0,Defensive,22,1,291254,0,
4530,66,Viridian City,0.0,Casino Worker,Dragon,51,0,DarkBall,27,0,0,Unpredictable,14,0,70929,1,
4531,14,Lavender Town,1.0,Scientist,Dark,29,0,UltraBall,61,1,0,Defensive,5,0,96762,1,
4532,65,Saffron City,2.0,Police Officer,Bug,92,0,UltraBall,72,6,0,Aggressive,13,0,56142,1,
4533,27,Pewter City,1.0,Biker,Electric,95,0,LuxuryBall,72,5,0,Unpredictable,22,0,55019,1,
4534,15,Celadon City,1.0,Fisherman,Psychic,24,0,DarkBall,36,1,0,Defensive,1,0,49349,1,
4535,58,Pewter City,1.0,Police Officer,Dragon,48,0,GreatBall,66,5,0,Aggressive,9,0,48294,1,
4536,15,Fuchsia City,1.0,Champion,Fairy,9,0,HealBall,74,5,0,Unpredictable,22,0,18530,1,
4537,45,Cinnabar Island,1.0,Daycare Worker,Fairy,43,0,HealBall,51,2,0,Defensive,7,0,26075,1,
4538,33,Celadon City,0.0,Gym Leader Assistant,Bug,69,0,GreatBall,48,0,0,Defensive,3,0,86658,1,
4539,47,Vermilion City,0.0,Gym Leader Assistant,Normal,87,0,MasterBall,70,3,0,Unpredictable,7,0,9093,1,
4540,37,Pallet Town,1.0,Elite Trainer,Ghost,64,0,GreatBall,23,3,0,Defensive,15,0,77962,1,
4541,34,Lavender Town,1.0,Elite Trainer,Fairy,46,0,MasterBall,45,4,0,Defensive,9,0,37937,1,
4542,51,Cerulean City,1.0,Police Officer,Bug,25,0,HealBall,33,2,0,Unpredictable,22,0,52228,1,
4543,30,Cerulean City,0.0,Biker,Fairy,66,0,DarkBall,82,3,0,Aggressive,8,0,32342,1,
4544,35,Vermilion City,1.0,Underground Battler,Poison,72,0,MasterBall,20,5,0,Aggressive,2,0,21204,1,
4545,41,Viridian City,1.0,Fisherman,Flying,73,0,LuxuryBall,29,0,0,Aggressive,10,0,92163,1,
4546,55,Cerulean City,0.0,Elite Trainer,Water,37,0,MasterBall,74,3,0,Unpredictable,6,0,82083,1,
4547,21,Pewter City,1.0,Breeder,Fighting,17,0,DarkBall,44,3,0,Defensive,11,0,98866,1,
4548,25,Vermilion City,2.0,Black Market Dealer,Dark,53,0,HealBall,56,3,0,Unpredictable,15,0,12799,1,
4549,14,Lavender Town,0.0,Black Market Dealer,Rock,24,0,PokéBall,76,4,0,Unpredictable,1,0,48019,1,
4550,38,Celadon City,1.0,Nurse,Dark,29,0,PokéBall,45,1,0,Aggressive,25,0,5262,1,
4551,17,Saffron City,1.0,PokéMart Seller,Fighting,67,0,PokéBall,65,0,0,Defensive,6,0,17636,1,
4552,21,Vermilion City,1.0,Nurse,Dark,76,0,PokéBall,79,2,0,Unpredictable,11,0,176331,0,
4553,57,Pewter City,1.0,Casino Worker,Flying,35,0,TimerBall,78,0,0,Aggressive,13,0,59566,1,
4554,26,Celadon City,1.0,Breeder,Ground,62,0,UltraBall,71,1,0,Unpredictable,5,0,99388,1,
4555,20,Cerulean City,2.0,Researcher,Poison,7,0,MasterBall,43,0,0,Defensive,17,0,28215,1,
4556,43,Pallet Town,2.0,Casino Worker,Fire,46,0,DuskBall,49,1,0,Unpredictable,6,1,342021,1,
4557,58,Saffron City,0.0,Black Market Dealer,Dragon,65,0,TimerBall,72,4,0,Aggressive,19,0,93507,1,
4558,67,Lavender Town,0.0,Black Market Dealer,Ground,11,0,LuxuryBall,44,0,0,Aggressive,10,0,4997,1,
4559,68,Vermilion City,1.0,Scientist,Poison,22,0,UltraBall,77,5,0,Aggressive,10,0,75848,1,
4560,10,Cerulean City,0.0,Biker,Fighting,70,0,TimerBall,42,4,0,Unpredictable,10,0,127,1,
4561,35,Cerulean City,0.0,Breeder,Dragon,90,1,NetBall,73,2,0,Aggressive,22,0,243428,1,
4562,14,Cinnabar Island,2.0,Nurse,Grass,62,0,MasterBall,76,4,0,Aggressive,13,0,93058,1,
4563,14,Cerulean City,0.0,Gym Leader Assistant,Fire,6,0,GreatBall,63,6,0,Aggressive,22,0,18137,1,
4564,28,Fuchsia City,1.0,PokéMart Seller,Dragon,22,0,UltraBall,50,4,0,Aggressive,17,0,89654,1,
4565,62,Pallet Town,0.0,Biker,Water,32,1,DuskBall,85,5,0,Aggressive,24,0,308280,1,
4566,33,Fuchsia City,1.0,Researcher,Fairy,60,0,DarkBall,59,0,0,Unpredictable,5,0,49338,1,
4567,11,Celadon City,1.0,PokéMart Seller,Ground,81,0,LuxuryBall,26,4,0,Aggressive,12,0,44043,1,
4568,35,Pallet Town,0.0,Fisherman,Poison,44,0,NetBall,62,1,0,Aggressive,22,0,15957,1,
4569,30,Cerulean City,0.0,Biker,Water,44,0,TimerBall,63,0,0,Defensive,6,0,14581,1,
4570,46,Fuchsia City,1.0,Nurse,Fire,70,0,GreatBall,24,3,0,Unpredictable,8,0,44174,1,
4571,49,Pallet Town,0.0,Researcher,Rock,48,1,MasterBall,76,1,0,Defensive,8,0,88132,0,
4572,37,Cinnabar Island,2.0,Champion,Poison,69,1,HealBall,87,3,0,Unpredictable,21,0,203304,0,
4573,32,Lavender Town,1.0,Elite Trainer,Rock,13,0,DarkBall,27,3,0,Defensive,9,0,40344,1,
4574,60,Cinnabar Island,1.0,Champion,Fairy,63,0,NetBall,78,0,0,Aggressive,16,0,41700,1,
4575,18,Fuchsia City,2.0,Champion,Ghost,9,0,DarkBall,50,5,0,Defensive,15,0,90756,1,
4576,47,Cinnabar Island,1.0,Police Officer,Fairy,28,0,TimerBall,68,5,0,Aggressive,18,0,78540,1,
4577,39,Vermilion City,1.0,PokéMart Seller,Bug,10,0,DuskBall,28,4,0,Unpredictable,21,0,39661,1,
4578,68,Lavender Town,2.0,Gym Leader Assistant,Poison,71,1,GreatBall,32,1,0,Unpredictable,16,0,35084,0,
4579,46,Vermilion City,1.0,Underground Battler,Ghost,48,0,PokéBall,37,5,0,Aggressive,21,0,362448,0,
4580,63,Cinnabar Island,0.0,Gym Leader Assistant,Fairy,5,0,UltraBall,55,4,0,Defensive,8,0,30161,1,
4581,65,Viridian City,0.0,Breeder,Fire,41,0,HealBall,37,1,0,Defensive,20,0,30072,1,
4582,13,Viridian City,1.0,Champion,Ice,7,0,GreatBall,50,3,0,Unpredictable,23,0,30234,1,
4583,21,Pallet Town,1.0,Breeder,Flying,61,0,DuskBall,58,3,0,Aggressive,19,0,95170,1,
4584,22,Saffron City,0.0,Rocket Grunt,Water,19,0,TimerBall,26,3,0,Aggressive,18,0,32141,1,
4585,64,Cerulean City,0.0,PokéMart Seller,Grass,43,1,PokéBall,40,2,0,Defensive,30,0,46642,0,
4586,61,Pallet Town,0.0,Scientist,Ice,44,0,DuskBall,72,0,0,Unpredictable,14,0,14890,1,
4587,66,Vermilion City,1.0,Champion,Bug,22,0,TimerBall,73,1,0,Unpredictable,14,0,3033,1,
4588,28,Pallet Town,0.0,Scientist,Rock,17,0,DuskBall,41,0,0,Aggressive,9,0,57539,1,
4589,51,Saffron City,0.0,Daycare Worker,Ghost,47,0,MasterBall,78,0,0,Unpredictable,23,0,42555,1,
4590,37,Cinnabar Island,1.0,Champion,Poison,81,0,PokéBall,49,1,0,Unpredictable,21,0,32145,1,
4591,37,Pallet Town,1.0,Underground Battler,Dark,51,0,MasterBall,33,4,0,Defensive,3,1,288649,0,
4592,31,Pewter City,2.0,Daycare Worker,Rock,50,0,HealBall,77,6,0,Unpredictable,8,0,35045,1,
4593,61,Cinnabar Island,0.0,Fisherman,Fire,46,0,LuxuryBall,85,3,0,Unpredictable,9,0,54490,1,
4594,65,Lavender Town,0.0,Black Market Dealer,Electric,59,0,DuskBall,84,7,0,Unpredictable,22,0,97617,1,
4595,31,Celadon City,1.0,Gym Leader Assistant,Dark,13,0,MasterBall,47,3,0,Aggressive,12,0,69532,1,
4596,60,Lavender Town,1.0,PokéMart Seller,Ice,22,0,GreatBall,49,1,0,Defensive,13,0,92229,1,
4597,16,Pewter City,1.0,Casino Worker,Fighting,54,0,HealBall,61,0,0,Aggressive,15,0,75049,1,
4598,34,Saffron City,1.0,Underground Battler,Ice,77,1,LuxuryBall,54,2,1,Defensive,9,1,75334,0,
4599,68,Vermilion City,1.0,Daycare Worker,Normal,56,0,PokéBall,70,3,0,Aggressive,2,0,84353,1,
4600,38,Pewter City,2.0,Daycare Worker,Fighting,90,0,LuxuryBall,37,0,0,Unpredictable,24,0,92929,1,
4601,32,Celadon City,0.0,Biker,Grass,26,0,DarkBall,57,2,1,Unpredictable,16,1,305630,0,
4602,15,Vermilion City,1.0,Breeder,Rock,31,0,DuskBall,44,4,0,Aggressive,12,0,55883,1,
4603,53,Fuchsia City,1.0,Casino Worker,Dark,20,0,HealBall,63,2,0,Defensive,1,0,81113,1,
4604,24,Vermilion City,1.0,Breeder,Water,64,0,TimerBall,34,0,0,Defensive,7,0,57434,1,
4605,30,Vermilion City,0.0,Scientist,Steel,68,0,MasterBall,41,5,0,Defensive,25,0,27337,1,
4606,49,Cinnabar Island,0.0,Casino Worker,Psychic,72,0,DarkBall,35,2,0,Defensive,24,0,6932,1,
4607,47,Celadon City,0.0,PokéMart Seller,Psychic,93,0,NetBall,79,8,0,Aggressive,20,0,28837,1,
4608,50,Cinnabar Island,0.0,Daycare Worker,Electric,37,0,LuxuryBall,37,0,0,Aggressive,8,0,3347,1,
4609,57,Cinnabar Island,0.0,Elite Trainer,Fairy,83,0,LuxuryBall,83,4,0,Aggressive,10,0,19728,1,
4610,58,Pallet Town,1.0,Daycare Worker,Bug,70,0,UltraBall,66,0,0,Aggressive,2,0,46593,1,
4611,16,Viridian City,1.0,Elite Trainer,Dragon,93,0,NetBall,78,1,0,Aggressive,5,0,76737,1,
4612,33,Pewter City,1.0,Biker,Dragon,75,0,GreatBall,61,1,0,Aggressive,15,0,38123,1,
4613,25,Saffron City,0.0,Black Market Dealer,Steel,20,0,UltraBall,44,1,0,Unpredictable,17,0,69878,1,
4614,53,Viridian City,1.0,Breeder,Psychic,47,1,GreatBall,31,2,0,Defensive,17,1,331958,1,
4615,58,Pewter City,1.0,Police Officer,Poison,68,0,PokéBall,84,3,0,Aggressive,15,0,21068,1,
4616,39,Lavender Town,2.0,Rocket Grunt,Psychic,18,0,DarkBall,42,1,0,Aggressive,19,0,42965,1,
4617,31,Saffron City,1.0,Researcher,Fighting,31,0,PokéBall,43,0,0,Aggressive,18,0,36530,1,
4618,29,Lavender Town,0.0,Casino Worker,Fire,41,0,DarkBall,66,0,0,Defensive,21,0,21866,1,
4619,28,Cinnabar Island,1.0,Daycare Worker,Fighting,38,0,DarkBall,76,6,0,Unpredictable,22,0,81486,1,
4620,51,Vermilion City,0.0,Casino Worker,Poison,40,0,GreatBall,52,0,0,Aggressive,7,0,52457,1,
4621,16,Pewter City,1.0,PokéMart Seller,Electric,47,0,MasterBall,69,0,0,Defensive,0,0,53084,1,
4622,31,Celadon City,1.0,PokéMart Seller,Flying,38,0,MasterBall,32,5,0,Defensive,18,0,42907,1,
4623,20,Viridian City,1.0,Casino Worker,Ground,62,0,TimerBall,28,4,0,Defensive,11,0,39973,1,
4624,28,Pallet Town,1.0,Casino Worker,Psychic,23,0,NetBall,55,4,0,Unpredictable,13,0,72843,1,
4625,57,Cinnabar Island,1.0,Police Officer,Psychic,64,0,LuxuryBall,58,4,0,Aggressive,20,0,2229,1,
4626,41,Saffron City,1.0,Daycare Worker,Ghost,86,0,HealBall,65,0,0,Defensive,16,0,95113,1,
4627,53,Fuchsia City,1.0,Breeder,Fire,17,0,GreatBall,78,6,0,Unpredictable,11,0,23525,1,
4628,12,Pallet Town,0.0,Researcher,Bug,6,0,DarkBall,37,4,0,Unpredictable,0,0,70749,1,
4629,12,Viridian City,0.0,Casino Worker,Steel,38,0,DarkBall,26,1,0,Unpredictable,1,0,13451,1,
4630,19,Pallet Town,0.0,Scientist,Ice,64,0,GreatBall,39,0,0,Aggressive,7,0,12004,1,
4631,49,Cerulean City,2.0,Black Market Dealer,Grass,6,0,DuskBall,66,2,0,Defensive,12,0,38195,1,
4632,42,Saffron City,1.0,Scientist,Fairy,28,0,LuxuryBall,57,6,0,Aggressive,10,0,18242,1,
4633,42,Vermilion City,1.0,Biker,Ice,38,0,UltraBall,22,7,0,Unpredictable,18,0,94195,1,
4634,25,Cerulean City,2.0,Fisherman,Ghost,37,0,PokéBall,46,5,0,Defensive,23,0,11172,1,
4635,36,Vermilion City,1.0,Casino Worker,Dark,6,0,TimerBall,85,3,0,Aggressive,16,0,80735,1,
4636,47,Lavender Town,1.0,Black Market Dealer,Grass,51,0,UltraBall,50,1,0,Unpredictable,20,0,44152,1,
4637,51,Pallet Town,0.0,Daycare Worker,Water,43,0,MasterBall,56,4,0,Unpredictable,13,0,97741,1,
4638,15,Saffron City,0.0,PokéMart Seller,Electric,61,0,HealBall,69,0,0,Aggressive,5,0,40258,1,
4639,48,Lavender Town,0.0,Fisherman,Fighting,77,0,NetBall,27,2,0,Defensive,9,0,78758,1,
4640,32,Viridian City,2.0,Researcher,Steel,59,0,PokéBall,70,6,0,Defensive,22,0,11183,1,
4641,25,Saffron City,0.0,Nurse,Dragon,43,0,MasterBall,67,0,0,Unpredictable,23,0,67308,1,
4642,57,Pallet Town,0.0,Daycare Worker,Fairy,87,0,GreatBall,62,2,0,Unpredictable,4,1,15468,0,
4643,13,Pewter City,1.0,Breeder,Rock,18,0,TimerBall,83,1,0,Defensive,13,0,16314,1,
4644,16,Fuchsia City,1.0,Nurse,Water,44,0,TimerBall,26,1,0,Defensive,5,0,998,1,
4645,38,Pallet Town,1.0,Elite Trainer,Water,58,0,NetBall,35,1,0,Aggressive,5,0,74304,1,
4646,64,Celadon City,2.0,Elite Trainer,Electric,25,0,DuskBall,84,0,0,Defensive,25,0,10371,1,
4647,27,Cinnabar Island,1.0,Scientist,Water,50,0,HealBall,27,3,0,Aggressive,24,0,13163,1,
4648,23,Cinnabar Island,2.0,PokéMart Seller,Water,92,0,DuskBall,67,4,0,Unpredictable,12,0,23441,1,
4649,23,Saffron City,1.0,Rocket Grunt,Grass,61,0,NetBall,44,3,0,Defensive,22,0,27105,1,
4650,49,Celadon City,0.0,Nurse,Dark,64,0,PokéBall,61,3,0,Aggressive,3,0,7883,1,
4651,55,Saffron City,1.0,Rocket Grunt,Dragon,25,0,PokéBall,63,0,0,Unpredictable,6,0,86782,1,
4652,54,Cinnabar Island,0.0,Fisherman,Ice,65,0,GreatBall,79,5,0,Aggressive,17,0,89561,1,
4653,58,Cerulean City,2.0,Gym Leader Assistant,Dark,57,0,UltraBall,62,0,0,Defensive,15,0,60219,1,
4654,21,Cinnabar Island,0.0,Researcher,Fire,72,0,PokéBall,67,3,0,Defensive,13,0,88526,1,
4655,50,Pallet Town,0.0,Champion,Dragon,75,0,NetBall,74,3,0,Aggressive,2,0,37792,1,
4656,63,Saffron City,1.0,Underground Battler,Water,51,0,PokéBall,32,6,0,Aggressive,10,0,97187,1,
4657,30,Saffron City,1.0,Elite Trainer,Flying,6,0,MasterBall,21,1,0,Aggressive,22,0,80391,1,
4658,35,Lavender Town,1.0,PokéMart Seller,Ghost,83,0,GreatBall,64,0,0,Aggressive,10,0,4019,1,
4659,42,Saffron City,0.0,Casino Worker,Ghost,17,0,MasterBall,60,5,0,Unpredictable,21,0,6872,1,
4660,45,Cerulean City,0.0,Rocket Grunt,Electric,32,0,HealBall,26,0,0,Defensive,4,0,49982,1,
4661,39,Pallet Town,0.0,Rocket Grunt,Flying,61,0,DarkBall,76,1,0,Aggressive,6,0,78949,1,
4662,47,Lavender Town,1.0,Biker,Electric,75,1,GreatBall,66,2,0,Aggressive,5,1,85710,1,
4663,65,Celadon City,0.0,Casino Worker,Ghost,85,1,NetBall,55,2,0,Defensive,17,0,153882,1,
4664,60,Pewter City,1.0,Elite Trainer,Ice,52,0,TimerBall,66,3,0,Defensive,0,0,81714,1,
4665,29,Cinnabar Island,1.0,Underground Battler,Ground,39,0,GreatBall,31,2,0,Unpredictable,21,0,80958,1,
4666,30,Vermilion City,1.0,Daycare Worker,Ice,87,0,HealBall,33,0,0,Aggressive,7,0,51814,1,
4667,22,Saffron City,0.0,Police Officer,Ghost,75,0,HealBall,34,2,0,Defensive,3,0,22052,1,
4668,60,Vermilion City,2.0,Rocket Grunt,Normal,81,0,MasterBall,75,2,0,Defensive,0,0,83349,1,
4669,18,Lavender Town,1.0,Nurse,Psychic,8,0,TimerBall,53,6,0,Unpredictable,10,0,61538,1,
4670,29,Fuchsia City,1.0,Champion,Fairy,39,0,HealBall,68,2,0,Unpredictable,19,0,95253,1,
4671,21,Pallet Town,1.0,Gym Leader Assistant,Dark,53,0,DuskBall,67,3,0,Unpredictable,8,0,39831,1,
4672,56,Pewter City,0.0,Champion,Electric,92,0,GreatBall,85,8,0,Defensive,5,0,99644,1,
4673,45,Saffron City,1.0,Biker,Water,46,0,LuxuryBall,82,0,0,Defensive,7,0,32905,1,
4674,62,Celadon City,1.0,Gym Leader Assistant,Flying,39,0,TimerBall,26,0,0,Defensive,13,0,21117,1,
4675,54,Fuchsia City,0.0,Black Market Dealer,Grass,97,0,NetBall,78,1,0,Aggressive,6,0,8170,1,
4676,62,Viridian City,1.0,PokéMart Seller,Electric,77,0,TimerBall,58,5,0,Aggressive,15,0,69411,1,
4677,59,Viridian City,1.0,Breeder,Psychic,84,0,TimerBall,65,1,0,Aggressive,11,0,15421,1,
4678,21,Cerulean City,0.0,Gym Leader Assistant,Rock,19,0,DuskBall,74,0,0,Aggressive,8,0,56199,1,
4679,51,Viridian City,1.0,Biker,Fighting,97,0,HealBall,21,7,0,Defensive,17,0,26232,1,
4680,15,Pallet Town,0.0,Breeder,Dark,52,0,LuxuryBall,48,6,0,Defensive,20,0,62579,1,
4681,56,Pallet Town,1.0,Elite Trainer,Water,98,0,HealBall,69,2,0,Defensive,23,0,21156,1,
4682,13,Cinnabar Island,2.0,Underground Battler,Bug,82,0,MasterBall,74,0,0,Aggressive,7,0,49067,1,
4683,16,Lavender Town,1.0,Casino Worker,Water,8,0,DuskBall,43,0,0,Defensive,21,0,18123,1,
4684,50,Lavender Town,0.0,Black Market Dealer,Steel,76,0,DarkBall,53,0,0,Unpredictable,5,0,10633,1,
4685,37,Cerulean City,0.0,Police Officer,Dragon,74,0,GreatBall,37,0,0,Unpredictable,12,0,58200,1,
4686,66,Pallet Town,1.0,Researcher,Poison,12,0,HealBall,56,3,0,Defensive,7,0,38662,1,
4687,63,Cinnabar Island,1.0,Researcher,Flying,61,0,PokéBall,54,1,0,Unpredictable,21,0,14126,1,
4688,24,Vermilion City,1.0,Researcher,Dark,97,0,HealBall,67,3,0,Defensive,15,0,51987,1,
4689,66,Pewter City,1.0,Daycare Worker,Electric,83,0,MasterBall,43,6,0,Defensive,22,1,106020,0,
4690,48,Cerulean City,0.0,PokéMart Seller,Electric,98,0,DuskBall,47,1,0,Unpredictable,16,0,42173,1,
4691,41,Pallet Town,0.0,Casino Worker,Psychic,40,0,PokéBall,20,1,0,Unpredictable,10,0,64181,1,
4692,12,Pallet Town,0.0,Daycare Worker,Electric,87,1,MasterBall,49,4,0,Aggressive,25,0,267697,0,
4693,37,Vermilion City,0.0,Elite Trainer,Water,70,0,UltraBall,55,0,0,Aggressive,18,0,31478,1,
4694,23,Saffron City,0.0,Champion,Fairy,90,0,DarkBall,75,4,0,Defensive,19,0,13318,1,
4695,62,Cinnabar Island,1.0,Casino Worker,Fighting,29,0,TimerBall,70,1,0,Defensive,11,0,35165,1,
4696,35,Lavender Town,1.0,Biker,Flying,29,0,LuxuryBall,75,2,0,Aggressive,6,0,87713,1,
4697,12,Lavender Town,1.0,Casino Worker,Steel,44,0,LuxuryBall,75,0,0,Unpredictable,17,0,62493,1,
4698,69,Pewter City,0.0,Breeder,Poison,39,0,TimerBall,43,3,0,Defensive,7,0,32229,1,
4699,31,Saffron City,2.0,Police Officer,Dark,64,0,TimerBall,31,0,0,Aggressive,21,0,49739,1,
4700,70,Viridian City,1.0,Scientist,Electric,75,0,PokéBall,63,0,0,Aggressive,13,0,41043,1,
4701,65,Pewter City,1.0,Rocket Grunt,Ghost,39,0,MasterBall,70,5,0,Defensive,23,0,22062,1,
4702,59,Lavender Town,2.0,Casino Worker,Ground,11,0,LuxuryBall,42,2,0,Aggressive,3,0,40118,1,
4703,36,Lavender Town,1.0,Champion,Steel,71,0,UltraBall,79,5,0,Aggressive,25,0,10160,1,
4704,64,Cinnabar Island,2.0,Police Officer,Dragon,76,0,DuskBall,55,3,0,Aggressive,5,0,45683,1,
4705,48,Fuchsia City,1.0,Biker,Ground,93,0,PokéBall,41,1,0,Defensive,24,0,33198,1,
4706,11,Vermilion City,2.0,Daycare Worker,Poison,75,0,NetBall,82,4,0,Defensive,23,0,46030,1,
4707,56,Fuchsia City,1.0,Daycare Worker,Dragon,95,0,HealBall,43,0,0,Unpredictable,24,1,245463,1,
4708,16,Cinnabar Island,1.0,Scientist,Fire,84,0,PokéBall,65,0,0,Defensive,2,0,56658,1,
4709,64,Pallet Town,0.0,PokéMart Seller,Dark,20,0,NetBall,68,0,0,Aggressive,20,0,19515,1,
4710,42,Fuchsia City,0.0,Researcher,Dark,72,0,LuxuryBall,68,0,0,Unpredictable,14,0,52185,1,
4711,54,Viridian City,0.0,Underground Battler,Rock,55,0,TimerBall,42,4,0,Aggressive,17,0,23683,1,
4712,38,Viridian City,0.0,Rocket Grunt,Fire,5,0,DuskBall,73,1,0,Aggressive,23,0,48242,1,
4713,27,Fuchsia City,0.0,Elite Trainer,Ice,75,0,MasterBall,63,2,0,Unpredictable,3,0,83801,1,
4714,13,Fuchsia City,1.0,Fisherman,Bug,19,0,HealBall,39,1,0,Aggressive,13,0,91704,1,
4715,17,Viridian City,1.0,Rocket Grunt,Fairy,52,0,PokéBall,50,5,0,Defensive,2,0,89510,1,
4716,17,Cerulean City,2.0,Underground Battler,Grass,90,0,HealBall,48,5,0,Aggressive,5,0,6515,1,
4717,60,Lavender Town,1.0,Police Officer,Flying,18,0,MasterBall,31,1,0,Defensive,13,0,51576,1,
4718,39,Vermilion City,0.0,Police Officer,Fire,29,0,NetBall,49,4,0,Unpredictable,5,0,68960,1,
4719,52,Pewter City,1.0,Scientist,Fairy,86,0,DarkBall,69,3,0,Unpredictable,19,0,62578,1,
4720,70,Cinnabar Island,1.0,Police Officer,Dragon,58,0,GreatBall,31,3,0,Defensive,21,1,231733,0,
4721,26,Saffron City,1.0,Black Market Dealer,Poison,18,0,TimerBall,61,0,0,Aggressive,7,0,50206,1,
4722,27,Fuchsia City,2.0,Police Officer,Water,83,0,UltraBall,54,0,0,Unpredictable,5,0,159715,0,
4723,59,Vermilion City,1.0,Fisherman,Fairy,89,1,PokéBall,74,1,0,Unpredictable,16,0,350681,1,
4724,63,Celadon City,0.0,Nurse,Dark,59,0,DarkBall,64,0,0,Defensive,3,0,35190,1,
4725,70,Pallet Town,0.0,Nurse,Bug,8,0,MasterBall,56,1,0,Aggressive,20,0,663,1,
4726,20,Saffron City,0.0,Champion,Bug,39,0,MasterBall,83,0,0,Aggressive,11,0,84138,1,
4727,53,Viridian City,0.0,Fisherman,Normal,58,1,LuxuryBall,32,1,1,Defensive,12,0,200894,0,
4728,68,Celadon City,1.0,Police Officer,Flying,99,0,DarkBall,40,2,0,Unpredictable,9,0,75316,1,
4729,63,Fuchsia City,1.0,Elite Trainer,Fighting,12,0,MasterBall,46,1,0,Defensive,16,0,1376,1,
4730,58,Cerulean City,0.0,PokéMart Seller,Normal,66,0,MasterBall,78,0,0,Defensive,1,0,12480,1,
4731,33,Fuchsia City,0.0,Casino Worker,Ice,66,0,NetBall,52,3,0,Aggressive,8,0,4447,1,
4732,31,Saffron City,1.0,Champion,Electric,80,0,HealBall,49,4,0,Aggressive,14,0,64144,1,
4733,67,Cerulean City,0.0,Police Officer,Rock,9,0,DuskBall,81,1,0,Defensive,9,0,35692,1,
4734,23,Cerulean City,1.0,PokéMart Seller,Rock,69,0,UltraBall,74,2,0,Unpredictable,10,0,36873,1,
4735,18,Lavender Town,0.0,Researcher,Bug,12,0,DuskBall,62,5,0,Aggressive,25,0,43483,1,
4736,26,Pallet Town,0.0,Biker,Electric,17,0,PokéBall,44,1,0,Unpredictable,10,0,94741,1,
4737,19,Celadon City,0.0,Police Officer,Steel,31,0,DuskBall,68,0,0,Unpredictable,25,0,3487,1,
4738,19,Cerulean City,2.0,Champion,Fire,85,0,PokéBall,45,3,0,Unpredictable,1,0,30658,1,
4739,68,Cerulean City,0.0,Daycare Worker,Fairy,45,0,UltraBall,65,1,0,Unpredictable,1,0,17140,1,
4740,23,Viridian City,1.0,Nurse,Normal,73,0,LuxuryBall,31,0,0,Defensive,3,0,46993,1,
4741,42,Celadon City,0.0,Nurse,Grass,76,0,NetBall,40,7,0,Aggressive,0,0,11940,1,
4742,30,Lavender Town,2.0,Casino Worker,Psychic,91,0,GreatBall,72,2,0,Unpredictable,3,0,73397,1,
4743,25,Cinnabar Island,2.0,Rocket Grunt,Water,32,0,MasterBall,37,5,0,Aggressive,2,0,24548,1,
4744,24,Celadon City,1.0,Scientist,Electric,15,0,PokéBall,52,8,0,Unpredictable,8,0,44884,1,
4745,39,Pewter City,0.0,Biker,Ground,8,0,NetBall,50,0,0,Unpredictable,25,0,28624,1,
4746,30,Pewter City,1.0,PokéMart Seller,Flying,40,0,PokéBall,85,0,0,Aggressive,19,0,20879,1,
4747,13,Pewter City,1.0,Biker,Electric,51,0,GreatBall,57,5,0,Defensive,2,0,78040,1,
4748,65,Pewter City,0.0,Champion,Grass,64,0,GreatBall,68,4,0,Aggressive,19,0,4902,1,
4749,36,Cerulean City,1.0,Underground Battler,Grass,72,0,HealBall,54,0,0,Defensive,16,0,62137,1,
4750,30,Lavender Town,1.0,Police Officer,Steel,33,0,LuxuryBall,22,2,0,Unpredictable,15,0,91657,1,
4751,32,Viridian City,0.0,Scientist,Water,88,0,PokéBall,34,0,0,Unpredictable,22,0,33621,1,
4752,50,Pewter City,1.0,Black Market Dealer,Steel,64,0,UltraBall,53,0,0,Aggressive,25,0,51670,1,
4753,51,Pallet Town,1.0,Scientist,Psychic,57,0,NetBall,38,3,0,Unpredictable,17,0,247,1,
4754,51,Cinnabar Island,1.0,Daycare Worker,Flying,52,0,PokéBall,69,1,0,Defensive,14,0,34008,1,
4755,36,Viridian City,1.0,Breeder,Electric,21,0,GreatBall,75,8,0,Defensive,22,0,1469,1,
4756,68,Celadon City,1.0,Biker,Normal,37,0,PokéBall,33,4,0,Unpredictable,8,0,94508,1,
4757,42,Vermilion City,1.0,Biker,Electric,48,0,PokéBall,40,0,0,Unpredictable,14,0,78883,1,
4758,62,Celadon City,0.0,Champion,Poison,60,0,GreatBall,57,3,0,Defensive,8,0,89571,1,
4759,59,Vermilion City,1.0,PokéMart Seller,Water,83,0,NetBall,49,0,0,Defensive,4,0,20682,1,
4760,21,Pewter City,1.0,Elite Trainer,Bug,95,0,UltraBall,72,5,0,Aggressive,15,0,50889,1,
4761,27,Vermilion City,2.0,Scientist,Dragon,26,0,LuxuryBall,70,2,0,Unpredictable,13,0,45827,1,
4762,40,Lavender Town,0.0,Biker,Fairy,29,0,UltraBall,45,1,0,Defensive,7,0,29366,1,
4763,13,Fuchsia City,1.0,Police Officer,Poison,80,0,DarkBall,34,0,0,Defensive,6,0,4248,1,
4764,62,Pallet Town,0.0,PokéMart Seller,Ground,6,1,NetBall,87,1,0,Defensive,11,0,164691,0,
4765,34,Pewter City,2.0,Fisherman,Dark,81,0,HealBall,35,3,0,Aggressive,5,0,70650,1,
4766,57,Celadon City,0.0,Fisherman,Electric,45,0,TimerBall,30,4,0,Unpredictable,17,0,72232,1,
4767,70,Celadon City,1.0,Underground Battler,Ice,86,0,GreatBall,62,5,0,Aggressive,13,0,12999,1,
4768,65,Pallet Town,0.0,Biker,Electric,85,0,LuxuryBall,45,3,0,Aggressive,12,0,74384,1,
4769,60,Saffron City,2.0,Fisherman,Rock,54,0,DarkBall,40,2,0,Unpredictable,11,0,97999,1,
4770,64,Cerulean City,1.0,Researcher,Fighting,63,0,TimerBall,71,0,0,Defensive,24,0,21658,1,
4771,68,Vermilion City,2.0,Breeder,Dark,99,0,NetBall,71,0,0,Defensive,2,0,82172,1,
4772,15,Cerulean City,1.0,Fisherman,Flying,21,0,TimerBall,25,3,0,Aggressive,1,0,40215,1,
4773,12,Cinnabar Island,1.0,Breeder,Psychic,46,0,DuskBall,81,3,0,Aggressive,18,0,40774,1,
4774,13,Viridian City,0.0,Champion,Ice,24,0,HealBall,71,0,0,Unpredictable,1,0,48834,1,
4775,64,Fuchsia City,0.0,Breeder,Steel,65,0,NetBall,61,2,0,Defensive,20,0,73490,1,
4776,25,Cinnabar Island,0.0,Biker,Psychic,44,0,TimerBall,60,1,0,Defensive,6,0,13367,1,
4777,38,Lavender Town,0.0,Daycare Worker,Fire,95,0,PokéBall,84,1,0,Defensive,16,0,21516,1,
4778,11,Lavender Town,1.0,Casino Worker,Fighting,88,0,DarkBall,45,2,0,Aggressive,23,0,59036,1,
4779,43,Pallet Town,1.0,Gym Leader Assistant,Fire,59,0,GreatBall,79,3,0,Defensive,12,0,9958,1,
4780,46,Lavender Town,1.0,Underground Battler,Bug,31,0,NetBall,39,0,0,Unpredictable,12,0,15087,1,
4781,62,Vermilion City,1.0,Breeder,Ice,81,0,DuskBall,76,0,0,Unpredictable,3,0,57291,1,
4782,12,Pewter City,1.0,Nurse,Dark,70,0,HealBall,58,6,0,Unpredictable,18,0,93534,1,
4783,34,Celadon City,2.0,Elite Trainer,Ground,72,1,TimerBall,85,1,0,Aggressive,5,0,146792,0,
4784,28,Lavender Town,1.0,Underground Battler,Grass,82,0,PokéBall,47,0,0,Unpredictable,11,0,25040,1,
4785,37,Pewter City,0.0,Daycare Worker,Normal,68,0,UltraBall,80,1,0,Aggressive,20,0,83308,1,
4786,47,Fuchsia City,0.0,PokéMart Seller,Dark,6,0,NetBall,51,2,0,Unpredictable,12,0,11528,1,
4787,39,Pewter City,0.0,Rocket Grunt,Ground,25,0,DuskBall,72,8,0,Unpredictable,8,0,26302,1,
4788,58,Viridian City,1.0,Gym Leader Assistant,Bug,77,0,NetBall,53,1,0,Unpredictable,8,1,343050,0,
4789,65,Fuchsia City,1.0,PokéMart Seller,Dragon,71,0,GreatBall,51,6,0,Aggressive,15,0,20461,1,
4790,58,Saffron City,0.0,Researcher,Rock,51,0,DuskBall,27,0,0,Defensive,25,0,13065,1,
4791,32,Vermilion City,0.0,Nurse,Grass,12,0,MasterBall,28,1,0,Unpredictable,2,0,33069,1,
4792,22,Pewter City,2.0,Researcher,Normal,50,0,MasterBall,85,5,0,Defensive,13,0,94918,1,
4793,50,Lavender Town,1.0,Black Market Dealer,Ground,75,0,GreatBall,65,5,0,Defensive,22,0,20144,1,
4794,68,Pewter City,0.0,Casino Worker,Psychic,100,0,PokéBall,64,0,0,Unpredictable,19,0,7173,1,
4795,44,Pallet Town,1.0,Scientist,Normal,31,0,GreatBall,47,1,0,Unpredictable,10,0,2969,1,
4796,38,Celadon City,0.0,Scientist,Flying,10,0,HealBall,67,3,0,Defensive,10,0,71724,1,
4797,20,Fuchsia City,2.0,Gym Leader Assistant,Steel,45,0,HealBall,66,1,0,Unpredictable,10,0,971,1,
4798,54,Vermilion City,2.0,Researcher,Water,82,0,DuskBall,68,0,0,Aggressive,0,0,62006,1,
4799,52,Cinnabar Island,0.0,Fisherman,Dragon,77,0,DuskBall,51,5,0,Aggressive,11,0,81058,1,
4800,44,Lavender Town,0.0,Fisherman,Normal,66,0,HealBall,71,2,0,Unpredictable,24,0,24787,1,
4801,62,Pallet Town,1.0,Breeder,Dark,93,0,TimerBall,51,5,0,Unpredictable,9,0,47417,1,
4802,56,Lavender Town,0.0,Nurse,Rock,99,1,DuskBall,77,2,0,Unpredictable,21,0,113138,0,
4803,27,Celadon City,0.0,Black Market Dealer,Fire,43,1,NetBall,41,1,1,Aggressive,12,1,179704,0,
4804,10,Lavender Town,1.0,Elite Trainer,Ghost,26,0,NetBall,44,4,0,Aggressive,8,0,79428,1,
4805,17,Cinnabar Island,1.0,Breeder,Bug,72,0,TimerBall,46,2,0,Defensive,15,0,4669,1,
4806,65,Cerulean City,1.0,Rocket Grunt,Poison,98,0,DuskBall,38,2,0,Defensive,23,0,19840,1,
4807,19,Pallet Town,0.0,Gym Leader Assistant,Water,81,1,TimerBall,62,5,0,Aggressive,4,1,234273,0,
4808,57,Celadon City,0.0,Nurse,Fairy,11,1,MasterBall,66,2,0,Unpredictable,24,0,74740,0,
4809,30,Pallet Town,0.0,PokéMart Seller,Fire,54,0,DarkBall,74,6,0,Defensive,11,0,53970,1,
4810,56,Cinnabar Island,1.0,Nurse,Grass,62,0,GreatBall,38,0,0,Unpredictable,0,0,51451,1,
4811,49,Vermilion City,0.0,Breeder,Fairy,36,0,TimerBall,55,5,0,Aggressive,23,0,12576,1,
4812,35,Cinnabar Island,1.0,Breeder,Water,86,0,NetBall,40,0,0,Aggressive,9,0,26206,1,
4813,47,Fuchsia City,1.0,Scientist,Normal,52,0,UltraBall,38,1,0,Aggressive,20,0,85017,1,
4814,52,Pewter City,0.0,Nurse,Dark,10,0,PokéBall,60,1,0,Aggressive,0,0,36045,1,
4815,22,Lavender Town,1.0,PokéMart Seller,Flying,27,0,UltraBall,42,0,0,Defensive,9,0,72101,1,
4816,21,Vermilion City,0.0,PokéMart Seller,Dark,29,0,DuskBall,73,2,0,Aggressive,1,0,82243,1,
4817,36,Vermilion City,1.0,Scientist,Steel,20,0,TimerBall,24,3,0,Unpredictable,19,0,41069,1,
4818,65,Fuchsia City,0.0,Black Market Dealer,Ice,70,0,TimerBall,35,3,0,Unpredictable,7,0,18739,1,
4819,58,Vermilion City,2.0,Breeder,Poison,66,0,HealBall,65,2,0,Defensive,22,0,79066,1,
4820,41,Lavender Town,1.0,Gym Leader Assistant,Flying,17,0,LuxuryBall,40,0,0,Unpredictable,20,0,38863,1,
4821,47,Pewter City,0.0,Police Officer,Electric,60,0,LuxuryBall,37,1,0,Unpredictable,28,0,54720,0,
4822,26,Viridian City,2.0,Researcher,Steel,68,0,DuskBall,26,0,0,Unpredictable,22,0,69447,1,
4823,66,Vermilion City,0.0,Gym Leader Assistant,Water,49,0,PokéBall,39,0,0,Unpredictable,9,0,68079,1,
4824,37,Pewter City,1.0,Police Officer,Steel,78,0,TimerBall,38,0,0,Unpredictable,16,0,8886,1,
4825,39,Celadon City,1.0,Rocket Grunt,Dark,66,0,DarkBall,26,1,0,Aggressive,25,0,91127,1,
4826,68,Vermilion City,1.0,Breeder,Fighting,35,1,UltraBall,90,3,0,Aggressive,15,0,344387,0,
4827,54,Pallet Town,1.0,Daycare Worker,Fighting,79,0,DarkBall,90,4,0,Unpredictable,23,1,362911,0,
4828,33,Cerulean City,0.0,Elite Trainer,Poison,85,0,UltraBall,39,5,0,Unpredictable,11,0,77144,1,
4829,10,Viridian City,1.0,PokéMart Seller,Ground,84,0,TimerBall,25,4,0,Defensive,11,0,21817,1,
4830,33,Vermilion City,2.0,Elite Trainer,Fire,7,0,HealBall,31,8,0,Unpredictable,7,0,92589,1,
4831,32,Vermilion City,1.0,Champion,Ground,61,0,HealBall,33,5,0,Unpredictable,23,0,89805,1,
4832,66,Lavender Town,1.0,Breeder,Dark,21,0,DuskBall,30,2,0,Aggressive,9,0,27011,1,
4833,57,Saffron City,2.0,Daycare Worker,Steel,60,0,UltraBall,64,3,0,Unpredictable,14,0,95526,1,
4834,32,Cinnabar Island,1.0,Champion,Water,94,0,MasterBall,67,1,0,Unpredictable,7,0,1117,1,
4835,28,Pewter City,1.0,Casino Worker,Electric,89,0,HealBall,60,0,0,Aggressive,3,0,64277,1,
4836,46,Saffron City,1.0,Biker,Ground,70,1,GreatBall,43,1,0,Defensive,3,0,197446,1,
4837,43,Cerulean City,0.0,Black Market Dealer,Water,100,0,DuskBall,49,1,0,Defensive,10,0,53827,1,
4838,50,Cinnabar Island,0.0,Gym Leader Assistant,Dragon,24,0,MasterBall,64,3,0,Unpredictable,18,0,10420,1,
4839,11,Saffron City,1.0,PokéMart Seller,Water,11,0,MasterBall,74,4,0,Aggressive,0,0,33185,1,
4840,43,Cerulean City,1.0,Black Market Dealer,Bug,16,0,GreatBall,71,4,0,Aggressive,2,0,81322,1,
4841,54,Vermilion City,1.0,Biker,Fairy,87,1,LuxuryBall,56,0,0,Unpredictable,28,0,46292,0,
4842,21,Cerulean City,0.0,Rocket Grunt,Normal,53,0,DuskBall,57,5,0,Defensive,21,0,36875,1,
4843,41,Cinnabar Island,1.0,Nurse,Poison,67,0,NetBall,58,0,0,Unpredictable,22,0,57628,1,
4844,33,Fuchsia City,1.0,PokéMart Seller,Normal,64,0,DarkBall,32,1,0,Aggressive,23,0,38549,1,
4845,35,Cinnabar Island,0.0,Breeder,Flying,75,0,MasterBall,27,1,0,Unpredictable,16,0,78398,1,
4846,31,Saffron City,0.0,Researcher,Dark,53,0,LuxuryBall,29,2,0,Aggressive,4,0,70627,1,
4847,55,Cinnabar Island,2.0,Biker,Poison,87,0,DuskBall,81,0,0,Defensive,6,0,22862,1,
4848,58,Cerulean City,1.0,Fisherman,Psychic,52,0,DuskBall,62,3,0,Defensive,0,0,39209,1,
4849,27,Fuchsia City,1.0,Gym Leader Assistant,Dragon,29,0,MasterBall,59,1,0,Unpredictable,14,0,92530,1,
4850,38,Cerulean City,0.0,Police Officer,Psychic,44,0,PokéBall,33,0,0,Aggressive,18,0,62626,1,
4851,42,Cinnabar Island,1.0,Nurse,Ghost,40,0,PokéBall,46,2,0,Aggressive,24,0,78576,1,
4852,13,Pallet Town,1.0,Fisherman,Fighting,70,0,TimerBall,58,1,0,Defensive,14,0,89708,1,
4853,20,Lavender Town,2.0,Researcher,Ground,69,0,GreatBall,78,4,0,Unpredictable,7,0,37755,1,
4854,42,Lavender Town,1.0,Nurse,Water,35,0,HealBall,66,0,0,Unpredictable,7,0,62462,1,
4855,51,Pallet Town,0.0,Champion,Poison,51,0,GreatBall,53,3,0,Aggressive,14,0,52206,1,
4856,19,Cinnabar Island,2.0,Champion,Grass,21,0,DuskBall,68,0,0,Unpredictable,21,0,48812,1,
4857,17,Celadon City,2.0,Rocket Grunt,Electric,8,0,PokéBall,77,3,0,Aggressive,0,0,66441,1,
4858,33,Viridian City,1.0,Underground Battler,Fighting,42,0,DarkBall,52,4,0,Defensive,8,1,303893,1,
4859,32,Saffron City,0.0,Breeder,Fighting,73,0,HealBall,29,1,0,Defensive,21,0,97668,1,
4860,65,Lavender Town,0.0,Casino Worker,Dragon,77,0,HealBall,84,4,0,Defensive,8,0,88044,1,
4861,37,Lavender Town,1.0,Underground Battler,Bug,54,0,PokéBall,40,2,0,Defensive,11,0,50365,1,
4862,62,Celadon City,2.0,Researcher,Fighting,55,0,PokéBall,54,2,0,Aggressive,13,0,10748,1,
4863,18,Vermilion City,1.0,Rocket Grunt,Fire,11,0,GreatBall,43,1,0,Unpredictable,12,0,6373,1,
4864,61,Fuchsia City,2.0,Rocket Grunt,Fighting,80,0,HealBall,27,0,0,Unpredictable,20,0,69070,1,
4865,60,Lavender Town,2.0,Rocket Grunt,Fairy,99,0,TimerBall,55,1,0,Aggressive,18,0,8199,1,
4866,29,Cerulean City,1.0,Rocket Grunt,Fairy,99,0,UltraBall,58,2,0,Defensive,11,0,21394,1,
4867,68,Vermilion City,2.0,Black Market Dealer,Electric,10,0,DarkBall,74,3,0,Defensive,25,0,72863,1,
4868,46,Saffron City,2.0,Black Market Dealer,Electric,78,0,MasterBall,52,1,0,Defensive,14,0,84051,1,
4869,54,Pallet Town,1.0,Daycare Worker,Ghost,55,0,DuskBall,44,5,0,Unpredictable,1,0,88068,1,
4870,58,Viridian City,0.0,Breeder,Ice,43,1,DuskBall,43,2,1,Aggressive,11,0,342227,0,
4871,21,Fuchsia City,1.0,Nurse,Fighting,88,0,GreatBall,29,0,0,Aggressive,15,0,29033,1,
4872,34,Viridian City,2.0,PokéMart Seller,Fairy,41,0,UltraBall,42,1,0,Aggressive,20,0,71211,1,
4873,57,Vermilion City,0.0,Nurse,Fairy,97,0,MasterBall,46,4,0,Defensive,16,0,48975,1,
4874,48,Pallet Town,1.0,Casino Worker,Normal,26,0,DarkBall,21,2,0,Defensive,1,0,96102,1,
4875,29,Vermilion City,1.0,PokéMart Seller,Normal,94,0,DarkBall,30,0,0,Unpredictable,30,1,200117,0,
4876,61,Saffron City,1.0,Researcher,Psychic,91,0,DuskBall,41,0,0,Unpredictable,25,0,96004,1,
4877,50,Saffron City,0.0,Breeder,Grass,75,0,MasterBall,81,4,0,Aggressive,24,0,55674,1,
4878,58,Saffron City,1.0,Biker,Water,94,0,PokéBall,21,4,0,Defensive,2,0,49436,1,
4879,61,Cinnabar Island,2.0,Elite Trainer,Dark,14,0,GreatBall,67,2,0,Unpredictable,12,0,25074,1,
4880,20,Saffron City,1.0,Scientist,Bug,50,0,MasterBall,45,1,0,Unpredictable,22,0,75621,1,
4881,58,Vermilion City,0.0,Gym Leader Assistant,Dragon,69,0,DarkBall,29,1,0,Unpredictable,0,0,93603,1,
4882,70,Pewter City,1.0,Police Officer,Steel,63,0,TimerBall,68,4,0,Aggressive,24,0,39304,1,
4883,32,Cerulean City,1.0,Underground Battler,Grass,77,0,TimerBall,34,0,0,Defensive,25,0,94765,1,
4884,12,Cerulean City,2.0,Gym Leader Assistant,Steel,96,0,DuskBall,22,6,0,Unpredictable,6,0,32571,1,
4885,14,Viridian City,1.0,Researcher,Rock,77,0,DuskBall,24,0,0,Aggressive,9,0,34409,1,
4886,13,Lavender Town,2.0,Rocket Grunt,Dark,53,0,TimerBall,73,3,0,Unpredictable,18,0,99677,1,
4887,58,Cerulean City,1.0,Breeder,Fighting,32,0,HealBall,39,0,0,Aggressive,6,0,94782,1,
4888,18,Cerulean City,1.0,Fisherman,Steel,91,0,LuxuryBall,83,3,0,Unpredictable,22,0,26104,1,
4889,18,Pallet Town,0.0,Elite Trainer,Bug,88,1,PokéBall,63,8,0,Aggressive,24,1,76867,1,
4890,68,Lavender Town,0.0,Researcher,Normal,56,0,HealBall,84,0,0,Aggressive,8,0,64970,1,
4891,17,Saffron City,0.0,Daycare Worker,Dragon,17,0,TimerBall,23,2,0,Defensive,1,0,16364,1,
4892,66,Vermilion City,0.0,Black Market Dealer,Rock,35,0,NetBall,22,5,0,Defensive,23,0,10262,1,
4893,17,Cinnabar Island,1.0,Casino Worker,Rock,74,0,DuskBall,32,0,0,Unpredictable,24,0,57434,1,
4894,51,Lavender Town,1.0,Rocket Grunt,Ice,76,0,TimerBall,50,1,0,Defensive,21,0,47045,1,
4895,60,Cerulean City,1.0,Elite Trainer,Ghost,13,0,TimerBall,79,4,0,Unpredictable,5,0,338062,1,
4896,30,Pewter City,0.0,Rocket Grunt,Fire,9,0,GreatBall,33,1,0,Unpredictable,21,0,94380,1,
4897,61,Vermilion City,0.0,Champion,Fire,37,0,DuskBall,38,2,0,Aggressive,16,0,15964,1,
4898,60,Fuchsia City,1.0,Gym Leader Assistant,Poison,40,0,PokéBall,52,2,0,Aggressive,15,0,89080,1,
4899,40,Lavender Town,1.0,Scientist,Dragon,40,0,MasterBall,38,8,0,Aggressive,14,0,18718,1,
4900,51,Vermilion City,1.0,Breeder,Ground,43,0,PokéBall,28,2,0,Defensive,14,0,41959,1,
4901,46,Cinnabar Island,0.0,Police Officer,Normal,28,0,MasterBall,54,1,0,Defensive,21,0,99351,1,
4902,23,Fuchsia City,0.0,PokéMart Seller,Fairy,72,0,HealBall,29,1,0,Aggressive,11,0,68734,1,
4903,16,Fuchsia City,1.0,Black Market Dealer,Ground,61,0,DuskBall,21,0,0,Defensive,5,0,59818,1,
4904,33,Vermilion City,0.0,Scientist,Dark,56,0,DuskBall,54,0,0,Aggressive,6,0,22152,1,
4905,45,Cinnabar Island,1.0,Breeder,Dark,35,0,NetBall,73,4,0,Defensive,25,0,64457,1,
4906,47,Cinnabar Island,2.0,Police Officer,Normal,73,0,DarkBall,27,4,0,Aggressive,12,0,57425,1,
4907,70,Vermilion City,2.0,Champion,Steel,13,0,HealBall,63,0,0,Defensive,10,0,75444,1,
4908,54,Pallet Town,0.0,Underground Battler,Water,22,0,DarkBall,30,3,0,Unpredictable,0,0,26007,1,
4909,65,Pallet Town,1.0,Biker,Fairy,66,0,UltraBall,67,2,0,Defensive,7,0,58832,1,
4910,46,Saffron City,1.0,Black Market Dealer,Ice,92,0,UltraBall,39,0,0,Unpredictable,25,0,23595,1,
4911,70,Fuchsia City,0.0,Fisherman,Fighting,80,0,GreatBall,22,5,0,Defensive,17,0,81226,1,
4912,36,Pewter City,1.0,Champion,Psychic,13,1,NetBall,63,3,0,Unpredictable,21,0,134143,1,
4913,60,Fuchsia City,0.0,Daycare Worker,Fire,89,0,NetBall,22,5,0,Defensive,8,0,17327,1,
4914,70,Pewter City,0.0,Nurse,Fire,57,0,TimerBall,45,1,0,Defensive,7,0,94831,1,
4915,45,Cerulean City,1.0,Champion,Grass,82,0,TimerBall,57,0,0,Defensive,12,0,83533,1,
4916,68,Pewter City,1.0,Black Market Dealer,Electric,99,0,NetBall,23,2,0,Unpredictable,10,0,29520,1,
4917,44,Vermilion City,0.0,Elite Trainer,Ground,85,0,GreatBall,84,2,0,Aggressive,13,0,21986,1,
4918,42,Pallet Town,0.0,Daycare Worker,Dragon,34,0,NetBall,46,3,0,Defensive,5,0,30340,1,
4919,56,Fuchsia City,1.0,Daycare Worker,Dark,81,0,GreatBall,39,1,0,Defensive,6,0,37719,1,
4920,50,Lavender Town,0.0,Gym Leader Assistant,Ground,43,0,TimerBall,47,0,0,Aggressive,15,0,95681,1,
4921,56,Pewter City,1.0,Underground Battler,Dark,66,0,HealBall,21,2,0,Aggressive,19,0,31784,1,
4922,28,Cerulean City,2.0,Fisherman,Psychic,27,0,PokéBall,72,3,0,Aggressive,7,0,73297,1,
4923,52,Pewter City,1.0,Biker,Normal,36,0,DuskBall,22,4,0,Unpredictable,0,0,69393,1,
4924,55,Lavender Town,0.0,Biker,Ground,29,1,LuxuryBall,34,4,0,Defensive,29,1,97482,1,
4925,69,Pewter City,1.0,Elite Trainer,Water,94,0,HealBall,33,0,0,Aggressive,3,0,60746,1,
4926,57,Viridian City,1.0,Breeder,Water,78,0,HealBall,47,0,0,Aggressive,24,0,18282,1,
4927,57,Fuchsia City,1.0,Researcher,Steel,11,0,DuskBall,27,2,0,Aggressive,5,0,96912,1,
4928,19,Lavender Town,1.0,Daycare Worker,Dragon,93,0,GreatBall,56,3,0,Aggressive,12,0,72831,1,
4929,20,Lavender Town,1.0,Underground Battler,Flying,88,0,TimerBall,32,5,0,Aggressive,0,0,90130,1,
4930,46,Celadon City,1.0,Champion,Flying,80,0,HealBall,63,1,0,Unpredictable,0,0,45891,1,
4931,18,Viridian City,0.0,Police Officer,Flying,12,0,DuskBall,31,7,0,Aggressive,14,0,79296,1,
4932,25,Pallet Town,0.0,Underground Battler,Rock,73,0,NetBall,31,4,0,Aggressive,23,0,144459,1,
4933,61,Cerulean City,0.0,Scientist,Electric,88,0,LuxuryBall,40,0,0,Aggressive,18,0,96433,1,
4934,43,Lavender Town,0.0,Nurse,Normal,59,0,LuxuryBall,59,3,0,Unpredictable,20,0,97811,1,
4935,32,Saffron City,1.0,Breeder,Psychic,39,0,GreatBall,41,4,0,Aggressive,19,0,66121,1,
4936,60,Vermilion City,0.0,Champion,Steel,84,0,TimerBall,60,2,0,Unpredictable,16,0,53553,1,
4937,18,Lavender Town,0.0,Underground Battler,Grass,34,0,HealBall,51,1,0,Aggressive,5,0,75157,1,
4938,17,Pewter City,1.0,Gym Leader Assistant,Electric,91,0,DarkBall,23,4,0,Unpredictable,16,0,47282,1,
4939,14,Vermilion City,0.0,Casino Worker,Rock,50,1,LuxuryBall,58,1,0,Defensive,9,0,96531,1,
4940,52,Cerulean City,0.0,Scientist,Steel,29,0,HealBall,52,8,0,Defensive,7,0,35027,1,
4941,11,Saffron City,1.0,Nurse,Grass,28,0,TimerBall,54,1,0,Defensive,25,0,68673,1,
4942,64,Lavender Town,2.0,Fisherman,Grass,56,0,DuskBall,85,5,0,Aggressive,0,0,61966,1,
4943,34,Cinnabar Island,1.0,Scientist,Bug,82,0,GreatBall,78,0,0,Aggressive,16,0,30297,1,
4944,33,Cinnabar Island,2.0,Casino Worker,Normal,45,0,MasterBall,28,0,0,Aggressive,3,0,9202,1,
4945,51,Saffron City,1.0,Researcher,Dark,9,0,TimerBall,25,0,0,Defensive,22,0,89884,1,
4946,37,Viridian City,0.0,Underground Battler,Fairy,95,0,GreatBall,59,5,0,Unpredictable,7,1,10071,0,
4947,20,Pewter City,0.0,Police Officer,Fire,81,0,UltraBall,43,5,0,Defensive,18,0,8002,1,
4948,46,Vermilion City,1.0,Underground Battler,Ghost,28,0,MasterBall,70,1,0,Aggressive,10,0,17616,1,
4949,57,Fuchsia City,2.0,PokéMart Seller,Rock,25,0,LuxuryBall,69,1,0,Defensive,15,0,66816,1,
4950,65,Lavender Town,1.0,Rocket Grunt,Fire,9,0,MasterBall,59,3,0,Defensive,12,0,71590,1,
4951,16,Lavender Town,1.0,Gym Leader Assistant,Fairy,15,0,HealBall,82,4,0,Defensive,11,0,92632,1,
4952,16,Lavender Town,0.0,Underground Battler,Fairy,52,0,NetBall,58,3,0,Unpredictable,7,0,14194,1,
4953,39,Celadon City,2.0,Fisherman,Ghost,35,1,MasterBall,71,6,0,Unpredictable,14,1,188664,0,
4954,43,Saffron City,0.0,Black Market Dealer,Bug,85,0,DuskBall,72,6,0,Aggressive,16,0,23993,1,
4955,33,Saffron City,1.0,Casino Worker,Fighting,9,0,DuskBall,50,0,0,Unpredictable,2,0,37019,1,
4956,60,Cerulean City,2.0,Police Officer,Water,31,0,MasterBall,85,4,0,Defensive,4,0,94156,1,
4957,41,Cerulean City,0.0,Scientist,Ground,43,0,LuxuryBall,64,0,0,Defensive,14,0,268,1,
4958,48,Saffron City,1.0,PokéMart Seller,Dragon,55,1,DarkBall,33,2,0,Defensive,24,1,256814,0,
4959,52,Celadon City,0.0,Black Market Dealer,Fairy,49,0,NetBall,67,3,0,Defensive,5,0,86378,1,
4960,40,Pallet Town,0.0,Daycare Worker,Grass,81,0,DuskBall,48,3,0,Aggressive,3,0,27049,1,
4961,39,Fuchsia City,0.0,Daycare Worker,Dark,67,0,GreatBall,50,4,0,Defensive,25,0,69299,1,
4962,63,Vermilion City,2.0,Nurse,Fairy,19,0,HealBall,72,4,0,Aggressive,11,0,22650,1,
4963,30,Saffron City,1.0,Elite Trainer,Poison,7,0,DarkBall,81,1,0,Unpredictable,16,0,12867,1,
4964,62,Cinnabar Island,1.0,Researcher,Fairy,33,0,HealBall,38,1,0,Aggressive,3,0,28083,1,
4965,68,Cinnabar Island,2.0,Rocket Grunt,Electric,97,0,HealBall,65,2,0,Defensive,7,0,93443,1,
4966,43,Vermilion City,2.0,Nurse,Dragon,19,0,MasterBall,22,4,0,Defensive,3,0,61784,1,
4967,31,Fuchsia City,0.0,Scientist,Fairy,6,1,PokéBall,78,5,0,Unpredictable,8,0,172509,1,
4968,61,Pewter City,0.0,Fisherman,Ghost,75,0,DuskBall,69,0,0,Aggressive,16,0,63196,1,
4969,38,Fuchsia City,0.0,Elite Trainer,Fire,62,0,DuskBall,56,0,0,Defensive,14,0,49353,1,
4970,68,Vermilion City,0.0,Rocket Grunt,Poison,84,0,DarkBall,35,1,0,Unpredictable,3,0,36500,1,
4971,32,Cerulean City,1.0,Casino Worker,Fairy,90,0,DarkBall,79,1,0,Aggressive,11,0,34740,1,
4972,56,Lavender Town,0.0,Gym Leader Assistant,Grass,81,0,MasterBall,42,3,0,Defensive,19,0,46966,1,
4973,60,Viridian City,2.0,Fisherman,Ground,38,0,NetBall,32,1,0,Defensive,10,0,45413,1,
4974,67,Lavender Town,2.0,Daycare Worker,Dragon,60,0,PokéBall,70,4,0,Aggressive,9,0,34496,1,
4975,24,Celadon City,2.0,Casino Worker,Steel,7,0,DuskBall,65,0,0,Defensive,16,0,73855,1,
4976,10,Vermilion City,1.0,Casino Worker,Poison,63,1,MasterBall,54,1,0,Defensive,19,0,41206,1,
4977,63,Vermilion City,2.0,Rocket Grunt,Ice,26,1,TimerBall,43,0,1,Defensive,12,0,278146,0,
4978,39,Saffron City,1.0,Elite Trainer,Fairy,43,0,DuskBall,43,3,0,Defensive,7,0,68993,1,
4979,30,Fuchsia City,2.0,Biker,Fairy,68,0,UltraBall,84,1,0,Aggressive,10,0,22677,1,
4980,28,Cerulean City,2.0,Police Officer,Poison,94,0,PokéBall,31,3,0,Unpredictable,6,0,34168,1,
4981,48,Cerulean City,1.0,Underground Battler,Bug,31,0,MasterBall,20,0,0,Defensive,21,0,99918,1,
4982,41,Celadon City,0.0,Champion,Poison,71,0,GreatBall,61,3,0,Defensive,2,0,29275,1,
4983,45,Pewter City,1.0,Fisherman,Poison,68,0,TimerBall,74,1,0,Defensive,9,0,35208,1,
4984,69,Cerulean City,1.0,Rocket Grunt,Dark,47,0,DuskBall,40,0,0,Aggressive,6,0,34550,1,
4985,26,Cinnabar Island,0.0,Breeder,Poison,29,0,MasterBall,64,4,0,Aggressive,23,0,95358,1,
4986,32,Cinnabar Island,1.0,Casino Worker,Psychic,71,0,NetBall,39,1,0,Defensive,6,0,73753,1,
4987,53,Fuchsia City,0.0,Nurse,Steel,97,0,DuskBall,75,0,0,Unpredictable,25,0,86771,1,
4988,49,Pallet Town,0.0,Casino Worker,Rock,24,0,UltraBall,74,1,0,Aggressive,7,0,80961,1,
4989,41,Vermilion City,0.0,Casino Worker,Ground,36,0,DuskBall,28,2,0,Unpredictable,18,0,34904,1,
4990,23,Vermilion City,1.0,Scientist,Rock,66,1,GreatBall,65,0,0,Aggressive,18,0,271852,0,
4991,68,Pallet Town,2.0,Police Officer,Ground,10,0,UltraBall,27,0,0,Defensive,23,0,84515,1,
4992,15,Pallet Town,1.0,Elite Trainer,Steel,74,0,TimerBall,64,6,0,Aggressive,2,0,64827,1,
4993,64,Saffron City,0.0,Police Officer,Ground,43,0,GreatBall,76,4,0,Unpredictable,9,0,67997,1,
4994,39,Cinnabar Island,1.0,Daycare Worker,Ground,28,0,PokéBall,52,0,0,Unpredictable,8,1,261176,0,
4995,36,Viridian City,1.0,Researcher,Rock,91,0,LuxuryBall,53,5,0,Defensive,5,0,70192,1,
4996,17,Vermilion City,1.0,Gym Leader Assistant,Dragon,23,0,PokéBall,40,0,0,Defensive,1,0,43208,1,
4997,67,Fuchsia City,2.0,Elite Trainer,Dark,13,0,UltraBall,36,0,0,Defensive,25,0,47794,1,
4998,43,Viridian City,1.0,Daycare Worker,Poison,48,0,MasterBall,51,4,0,Defensive,4,0,10995,1,
4999,44,Fuchsia City,1.0,Nurse,Flying,10,0,MasterBall,22,0,0,Defensive,3,0,42566,1,
